Abernant,AL
Alabaster,AL
Albertville ,AL
Alexander City,AL
Andalusia ,AL
Anniston ,AL
Arab,AL
Athens ,AL
Atmore,AL
Attalla,AL
Auburn ,AL
Bay Minette,AL
Beauregard-Marvyn,AL
Bessemer ,AL
Beulah ,AL
Big Sandy-Duncanville,AL
Birmingham ,AL
Boaz ,AL
Bremen ,AL
Brook Highland,AL
Calera ,AL
Center Point ,AL
Chelsea ,AL
Chickasaw ,AL
Clanton,AL
Clay ,AL
Cloverdale ,AL
Concord-Hopkins,AL
Craig-Tyler,AL
Cullman,AL
Danville ,AL
Daphne,AL
Decatur ,AL
Demopolis,AL
Dothan,AL
Enterprise ,AL
Eufaula ,AL
Fairfield ,AL
Fairhope ,AL
Florence ,AL
Foley ,AL
Forestdale ,AL
Fort Payne,AL
Fultondale,AL
Gadsden ,AL
Gardendale ,AL
Greenville ,AL
Greenwood ,AL
Gulf Shores,AL
Guntersville,AL
Hamilton ,AL
Hartselle,AL
Helena ,AL
Homewood ,AL
Hoover,AL
Hope Hull,AL
Hueytown,AL
Huntsville ,AL
Irondale ,AL
Jacksonville ,AL
Jasper ,AL
Laceys Spring,AL
Lake Purdy,AL
Lanett,AL
Langdale,AL
Leeds ,AL
Lincoln ,AL
Long Island ,AL
Madison Crossroads,AL
Madison ,AL
Meadowbrook ,AL
Meridianville,AL
Millbrook ,AL
Mobile ,AL
Monroeville ,AL
Montevallo,AL
Montgomery ,AL
Moody ,AL
Morris Chapel ,AL
Mountain Brook,AL
Muscle Shoals,AL
Northport ,AL
Oneonta ,AL
Opelika,AL
Opp,AL
Oxford ,AL
Ozark ,AL
Pelham ,AL
Pell City,AL
Phenix City,AL
Pike Road,AL
Pinson ,AL
Pleasant Grove ,AL
Prattville ,AL
Prichard ,AL
Rainbow City ,AL
Roanoke ,AL
Russellville ,AL
Saks,AL
Saraland,AL
Satsuma,AL
Scottsboro,AL
Selma ,AL
Semmes,AL
Sheffield ,AL
Simcoe,AL
Smiths-Salem,AL
Smiths,AL
Southside,AL
Spanish Fort,AL
Sylacauga,AL
Talladega,AL
Tanner-Williams,AL
Tarrant,AL
Theodore,AL
Tillmans Corner,AL
Tri-Cities,AL
Troy ,AL
Trussville,AL
Tuscaloosa,AL
Tuscumbia ,AL
Tuskegee-Milstead,AL
Tuskegee,AL
Valley ,AL
Vestavia Hills,AL
Vinemont,AL
Websters Chapel-Alexandria Valley,AL
Wetumpka,AL
Anchorage ,AK
Badger ,AK
Bethel ,AK
College,AK
Fairbanks ,AK
Juneau ,AK
Kalifornsky,AK
Kenai,AK
Ketchikan,AK
Knik-Fairview,AK
Kodiak,AK
Lakes,AK
Meadow Lakes,AK
Palmer ,AK
Sitka,AK
Steele Creek,AK
Tanaina,AK
Wasilla,AK
Anthem,AZ
Apache Junction,AZ
Apache ,AZ
Arivaca,AZ
Arizona City,AZ
Avondale ,AZ
Avra Valley,AZ
Big Park,AZ
Buckeye ,AZ
Bullhead City,AZ
Camp Verde,AZ
Casa Grande,AZ
Casas Adobes,AZ
Catalina Foothills,AZ
Catalina,AZ
Chandler ,AZ
Chino Valley,AZ
Coconino,AZ
Coolidge ,AZ
Cottonwood-Verde Village,AZ
Cottonwood ,AZ
Deer Valley ,AZ
Douglas ,AZ
Drexel Heights,AZ
El Mirage,AZ
Eloy,AZ
Flagstaff,AZ
Florence ,AZ
Flowing Wells,AZ
Fort Mohave,AZ
Fortuna Foothills,AZ
Fountain Hills,AZ
Gila River,AZ
Gilbert ,AZ
Glendale ,AZ
Globe,AZ
Gold Camp,AZ
Golden Valley ,AZ
Goodyear,AZ
Green Valley ,AZ
Guadalupe ,AZ
Humboldt ,AZ
Indian Wells ,AZ
Kingman ,AZ
Lake Havasu City,AZ
Little Colorado,AZ
Marana,AZ
Maricopa ,AZ
Mesa ,AZ
Mingus Mountain,AZ
New Kingman-Butler,AZ
New River ,AZ
Nogales,AZ
North Pinal ,AZ
Oro Valley,AZ
Page ,AZ
Papago,AZ
Paradise Valley ,AZ
Payson ,AZ
Peoria ,AZ
Phoenix ,AZ
Picture Rocks ,AZ
Prescott Valley,AZ
Prescott ,AZ
Queen Creek,AZ
Reservation ,AZ
Rio Rico,AZ
Saddlebrooke ,AZ
Safford ,AZ
Sahuarita,AZ
Salt River,AZ
San Luis ,AZ
San Tan Valley,AZ
Scottsdale ,AZ
Sedona,AZ
Show Low,AZ
Sierra Vista Southeast,AZ
Sierra Vista,AZ
Somerton,AZ
Sun City West,AZ
Sun City ,AZ
Sun Lakes,AZ
Surprise ,AZ
Tanque Verde,AZ
Tempe ,AZ
Tolleson,AZ
Tuba City,AZ
Tucson Estates,AZ
Tucson ,AZ
Vail ,AZ
Valencia West,AZ
Verde Village,AZ
Verde,AZ
Village of Oak Creek (Big Park),AZ
Western ,AZ
Wickenburg,AZ
Winslow ,AZ
Youngtown,AZ
Yuma ,AZ
Arkadelphia,AR
Batesville ,AR
Beebe,AR
Bella Vista ,AR
Bentonville ,AR
Benton ,AR
Blytheville,AR
Bryant ,AR
Cabot ,AR
Camden ,AR
Centerton,AR
Clarksville ,AR
Conway ,AR
De Queen,AR
East End,AR
El Dorado ,AR
Farmington ,AR
Fayetteville ,AR
Forrest City,AR
Fort Smith ,AR
Greenwood ,AR
Harrison ,AR
Heber Springs,AR
Helena-West Helena,AR
Hope ,AR
Hot Springs Village,AR
Hot Springs ,AR
Jacksonville ,AR
Jonesboro ,AR
Little Rock ,AR
Lowell ,AR
Magnolia ,AR
Malvern ,AR
Marion ,AR
Maumelle,AR
Monticello ,AR
Morrilton,AR
Mountain Home ,AR
Newport ,AR
North Little Rock,AR
Osceola ,AR
Paragould,AR
Pine Bluff,AR
Pocahontas ,AR
Rogers ,AR
Russellville ,AR
Searcy,AR
Sherwood ,AR
Siloam Springs,AR
Springdale ,AR
Stuttgart,AR
Texarkana ,AR
Trumann,AR
Van Buren ,AR
West Helena,AR
West Memphis,AR
Wynne,AR
Acton ,CA
Adelanto,CA
Agoura Hills,CA
Alameda,CA
Alamo ,CA
Albany ,CA
Alhambra ,CA
Aliso Viejo,CA
Alondra Park,CA
Alpine ,CA
Alta Sierra,CA
Altadena,CA
Alum Rock,CA
American Canyon,CA
Anaheim ,CA
Anderson ,CA
Antelope ,CA
Antioch ,CA
Apple Valley ,CA
Aptos,CA
Arcadia ,CA
Arcata,CA
Arden-Arcade,CA
Arrowhead,CA
Arroyo Grande,CA
Artesia ,CA
Arvin,CA
Ashland ,CA
Atascadero,CA
Atherton,CA
Atwater ,CA
Auburn ,CA
August,CA
Avenal,CA
Avocado Heights,CA
Azusa,CA
Bakersfield ,CA
Baldwin Park ,CA
Banning,CA
Barstow ,CA
Bay Point,CA
Baywood-Los Osos,CA
Beaumont ,CA
Bell Gardens,CA
Bellflower ,CA
Bell ,CA
Belmont ,CA
Ben Lomond ,CA
Benicia,CA
Berkeley ,CA
Bermuda Dunes,CA
Beverly Hills ,CA
Big Bear City,CA
Big Bear,CA
Blackhawk-Camino Tassajara,CA
Blackhawk ,CA
Bloomington ,CA
Blythe ,CA
Bonadelle Ranchos-Madera Ranchos,CA
Bonita ,CA
Bostonia,CA
Boyes Hot Springs,CA
Brawley,CA
Brea,CA
Brentwood ,CA
Briones,CA
Buena Park,CA
Burbank ,CA
Burlingame ,CA
Calabasas,CA
Calexico,CA
California City,CA
Calimesa,CA
Calipatria,CA
Camarillo,CA
Cambria ,CA
Cameron Park ,CA
Camp Pendleton South,CA
Campbell ,CA
Canyon Lake ,CA
Capitola,CA
Carlsbad ,CA
Carmel Valley,CA
Carmel ,CA
Carmichael,CA
Carpinteria Valley,CA
Carpinteria,CA
Carson ,CA
Casa de Oro-Mount Helix,CA
Castaic,CA
Castro Valley,CA
Castroville ,CA
Cathedral City,CA
Central Coast ,CA
Central Colusa,CA
Central Contra Costa ,CA
Central Shasta,CA
Ceres,CA
Cerritos,CA
Charter Oak ,CA
Cherry Valley ,CA
Cherryland,CA
Chico ,CA
Chino Hills,CA
Chino,CA
Chowchilla,CA
Chuckwalla,CA
Chula Vista ,CA
Citrus Heights,CA
Citrus,CA
Claremont ,CA
Clayton ,CA
Clearlake,CA
Cloverdale-Geyserville,CA
Cloverdale ,CA
Clovis ,CA
Coachella Valley ,CA
Coachella,CA
Coalinga,CA
Colfax-Summit,CA
Colton ,CA
Commerce ,CA
Compton ,CA
Concord ,CA
Corcoran ,CA
Corning ,CA
Coronado,CA
Corona ,CA
Corte Madera,CA
Costa Mesa ,CA
Cotati,CA
Coto de Caza,CA
Country Club ,CA
Covina,CA
Crescent City ,CA
Crestline ,CA
Cudahy ,CA
Culver City,CA
Cupertino,CA
Cypress ,CA
Daly City ,CA
Dana Point,CA
Danville ,CA
Davis ,CA
Del Aire,CA
Delano ,CA
Delhi ,CA
Desert Hot Springs,CA
Desert Palms,CA
Diamond Bar,CA
Diamond Springs,CA
Dinuba,CA
Discovery Bay ,CA
Dixon ,CA
Donner,CA
Downey ,CA
Duarte,CA
Dublin ,CA
Earlimart,CA
East Colusa,CA
East Compton,CA
East Contra Costa,CA
East Foothills,CA
East Hemet,CA
East Kern,CA
East La Mirada,CA
East Los Angeles ,CA
East Palo Alto,CA
East Pasadena,CA
East Porterville,CA
East Rancho Dominguez,CA
East San Gabriel Valley ,CA
East San Gabriel,CA
East Shasta,CA
East Sonora-Phoenix Lake,CA
East Yolo,CA
Eastvale ,CA
El Cajon ,CA
El Centro,CA
El Cerrito,CA
El Dorado Hills,CA
El Monte ,CA
El Paso de Robles (Paso Robles),CA
El Rio,CA
El Segundo,CA
El Sobrante,CA
El Toro ,CA
Elk Grove ,CA
Elsinore Valley,CA
Emeryville,CA
Encinitas,CA
Escalon,CA
Escondido ,CA
Eureka ,CA
Exeter ,CA
Fair Oaks ,CA
Fairfax ,CA
Fairfield ,CA
Fairview ,CA
Fallbrook,CA
Farmersville ,CA
Fillmore ,CA
Firebaugh,CA
Florence-Graham,CA
Florin,CA
Folsom ,CA
Fontana ,CA
Foothill Farms,CA
Foothill Ranch,CA
Foresthill-Back Country,CA
Fort Bragg ,CA
Fort Irwin,CA
Fortuna ,CA
Foster City,CA
Fountain Valley,CA
Franklin ,CA
Fremont ,CA
French Valley,CA
Fresno ,CA
Fullerton ,CA
Galt ,CA
Garberville,CA
Garden Acres,CA
Garden Grove ,CA
Gardena ,CA
Garnet,CA
Gilroy,CA
Glen Avon,CA
Glendale ,CA
Glendora ,CA
Gold River,CA
Golden Hills,CA
Goleta,CA
Gonzales ,CA
Good Hope ,CA
Grand Terrace,CA
Granite Bay,CA
Grass Valley ,CA
Greenfield-Panama,CA
Greenfield ,CA
Gridley ,CA
Grover Beach,CA
Guadalupe ,CA
Hacienda Heights,CA
Half Moon Bay,CA
Hanford,CA
Hawaiian Gardens,CA
Hawthorne ,CA
Hayward ,CA
Healdsburg,CA
Hemet,CA
Hercules,CA
Hermosa Beach,CA
Hesperia ,CA
Highland ,CA
Hillsborough ,CA
Hollister ,CA
Holtville ,CA
Home Gardens,CA
Hughson,CA
Huntington Beach ,CA
Huntington Park,CA
Huron ,CA
Idyllwild,CA
Imperial Beach,CA
Imperial ,CA
Indio ,CA
Inglewood ,CA
Interlaken ,CA
Ione ,CA
Irvine ,CA
Isla Vista,CA
Jamul,CA
Joshua Tree,CA
Jurupa ,CA
Kentfield,CA
Kerman,CA
King City ,CA
Kingsburg,CA
La Canada Flintridge,CA
La Crescenta-Montrose,CA
La Habra,CA
La Mesa ,CA
La Mirada,CA
La Palma,CA
La Presa ,CA
La Puente,CA
La Quinta,CA
La Riviera,CA
La Verne,CA
Ladera Heights,CA
Ladera Ranch,CA
Lafayette ,CA
Laguna Beach ,CA
Laguna Hills,CA
Laguna Niguel,CA
Laguna West-Lakeside,CA
Laguna Woods,CA
Laguna ,CA
Lake Arrowhead ,CA
Lake Elsinore,CA
Lake Forest ,CA
Lake Los Angeles,CA
Lake Mathews,CA
Lake Tahoe,CA
Lakeland Village,CA
Lakeside ,CA
Lakewood ,CA
Lamont ,CA
Lancaster ,CA
Larkfield-Wikiup,CA
Larkspur ,CA
Lathrop ,CA
Lawndale ,CA
Lemon Grove ,CA
Lemon Hill,CA
Lemoore Station,CA
Lemoore,CA
Lennox ,CA
Lincoln ,CA
Linda Rural,CA
Linda,CA
Lindsay ,CA
Live Oak ,CA
Livermore ,CA
Livingston ,CA
Lodi ,CA
Loma Linda ,CA
Lomita,CA
Lompoc Valley,CA
Lompoc,CA
Long Beach ,CA
Loomis Basin-Folsom Lake,CA
Loomis ,CA
Los Alamitos,CA
Los Altos Hills,CA
Los Altos ,CA
Los Angeles ,CA
Los Banos,CA
Los Gatos,CA
Los Osos,CA
Lucas Valley-Marinwood,CA
Lynwood ,CA
Madera Acres,CA
Madera,CA
Magalia,CA
Malibu,CA
Mammoth Lakes,CA
Manhattan Beach ,CA
Manteca,CA
Marina del Rey,CA
Marina,CA
Martinez ,CA
Marysville Rural,CA
Marysville ,CA
Mather ,CA
Maywood ,CA
McFarland ,CA
McKinleyville,CA
Mead Valley,CA
Mecca ,CA
Mendota ,CA
Menifee ,CA
Menlo Park,CA
Mentone ,CA
Merced,CA
Midway City,CA
Mill Valley,CA
Millbrae,CA
Milpitas,CA
Mira Loma,CA
Mira Monte,CA
Mission Viejo,CA
Modesto ,CA
Monrovia ,CA
Montclair ,CA
Montebello ,CA
Montecito,CA
Monterey Park ,CA
Monterey ,CA
Moorpark,CA
Moraga,CA
Moreno Valley ,CA
Morgan Hill,CA
Morro Bay,CA
Mount Baldy-Wrightwood,CA
Mountain Empire,CA
Mountain House,CA
Mountain View ,CA
Murrieta ,CA
Muscoy,CA
Napa,CA
National City,CA
Newark ,CA
Newberry-Baker,CA
Newhall ,CA
Newman ,CA
Newport Beach,CA
Nipomo,CA
Norco ,CA
North Antelope Valley ,CA
North Auburn,CA
North Coastal,CA
North Coast ,CA
North El Dorado,CA
North Fair Oaks,CA
North Highlands,CA
North Tustin,CA
Northeast Marin,CA
Northwest Marin,CA
Norwalk ,CA
Novato,CA
Nuevo,CA
Oak Hills ,CA
Oak Park ,CA
Oakdale ,CA
Oakhurst-North Fork,CA
Oakland ,CA
Oakley ,CA
Oasis ,CA
Oceano,CA
Oceanside ,CA
Oildale,CA
Ojai,CA
Olivehurst,CA
Ontario ,CA
Orange Cove,CA
Orangevale,CA
Orange ,CA
Orcutt,CA
Orinda,CA
Orland ,CA
Orosi,CA
Oroville East,CA
Oroville ,CA
Oxnard ,CA
Pacific Grove,CA
Pacifica,CA
Palm Desert,CA
Palm Springs ,CA
Palmdale ,CA
Palo Alto ,CA
Palomar-Julian,CA
Palos Verdes Estates,CA
Palos Verdes,CA
Paradise ,CA
Paramount,CA
Parkway-South Sacramento,CA
Parkway ,CA
Parlier,CA
Pasadena ,CA
Paso Robles,CA
Patterson ,CA
Pauma Valley,CA
Pedley,CA
Pendleton ,CA
Perris Valley ,CA
Perris,CA
Petaluma,CA
Phelan,CA
Pico Rivera,CA
Piedmont ,CA
Pine Grove-Silver Lake,CA
Pinole,CA
Pinon Hills,CA
Pismo Beach,CA
Pittsburg ,CA
Placentia,CA
Placerville ,CA
Pleasant Hill ,CA
Pleasanton ,CA
Pollock Pines,CA
Pomona ,CA
Port Hueneme,CA
Porterville,CA
Portola Hills,CA
Poway,CA
Prunedale,CA
Quartz Hill,CA
Ramona ,CA
Rancho Cordova,CA
Rancho Cucamonga ,CA
Rancho Mirage,CA
Rancho Palos Verdes,CA
Rancho San Diego,CA
Rancho Santa Margarita,CA
Red Bluff,CA
Redding ,CA
Redlands ,CA
Redondo Beach,CA
Redwood City,CA
Redwood-Potter,CA
Reedley,CA
Rialto ,CA
Richmond ,CA
Ridgecrest ,CA
Rio Linda,CA
Rio Vista ,CA
Rio del Mar,CA
Ripon ,CA
Riverbank,CA
Riverside ,CA
Rocklin,CA
Rodeo ,CA
Rohnert Park,CA
Rolling Hills Estates,CA
Rosamond,CA
Rosedale ,CA
Roseland ,CA
Rosemead,CA
Rosemont ,CA
Roseville ,CA
Ross Valley,CA
Rossmoor ,CA
Rowland Heights,CA
Rubidoux,CA
Russian River-Coastal,CA
Sacramento ,CA
Salida ,CA
Salinas ,CA
San Anselmo,CA
San Bernardino ,CA
San Bruno,CA
San Buenaventura (Ventura) ,CA
San Carlos ,CA
San Clemente,CA
San Diego Country Estates,CA
San Diego ,CA
San Dimas,CA
San Fernando ,CA
San Francisco ,CA
San Gabriel,CA
San Gorgonio Pass,CA
San Jacinto,CA
San Jose ,CA
San Juan Capistrano,CA
San Leandro,CA
San Lorenzo Valley,CA
San Lorenzo ,CA
San Luis Obispo,CA
San Marcos ,CA
San Marino,CA
San Martin,CA
San Mateo ,CA
San Pablo ,CA
San Rafael ,CA
San Ramon,CA
Sanger ,CA
Santa Ana ,CA
Santa Barbara,CA
Santa Clara ,CA
Santa Clarita ,CA
Santa Cruz ,CA
Santa Fe Springs,CA
Santa Maria Valley ,CA
Santa Maria ,CA
Santa Monica ,CA
Santa Paula,CA
Santa Rosa ,CA
Santa Ynez Valley,CA
Santee ,CA
Saratoga ,CA
Sausalito,CA
Scotts Valley,CA
Seal Beach,CA
Seaside ,CA
Sebastopol ,CA
Selma ,CA
Shafter,CA
Shasta Lake,CA
Sierra Madre,CA
Sierra,CA
Signal Hill,CA
Simi Valley ,CA
Sloughhouse,CA
Solana Beach,CA
Soledad,CA
Sonoma,CA
Soquel,CA
South Antelope Valley ,CA
South Bay Cities ,CA
South Coastside,CA
South Coast ,CA
South El Dorado,CA
South El Monte,CA
South Gate ,CA
South Lake Tahoe,CA
South Monrovia Island,CA
South Pasadena ,CA
South San Francisco,CA
South San Gabriel,CA
South San Jose Hills,CA
South Whittier,CA
South Yuba City,CA
Southeast Marin,CA
Southwest San Gabriel Valley ,CA
Spring Valley Lake,CA
Spring Valley ,CA
Stanford ,CA
Stanton ,CA
Stevenson Ranch,CA
Stockton ,CA
Suisun City,CA
Sun City ,CA
Sun Village,CA
Sunnyvale ,CA
Susanville,CA
Taft ,CA
Tamalpais-Homestead Valley,CA
Tassajara,CA
Tehachapi,CA
Temecula ,CA
Temescal Valley,CA
Temple City,CA
Templeton ,CA
Thermalito,CA
Thousand Oaks ,CA
Thousand Palms,CA
Tiburon,CA
Topanga,CA
Toro,CA
Torrance ,CA
Trabuco ,CA
Tracy ,CA
Truckee,CA
Tulare ,CA
Turlock,CA
Tustin Foothills,CA
Tustin ,CA
Twentynine Palms Base,CA
Twentynine Palms,CA
Ukiah ,CA
Union City ,CA
Upland ,CA
Upper San Gabriel Valley ,CA
Vacaville,CA
Valinda,CA
Valle Vista ,CA
Vallejo ,CA
Valley Center ,CA
Vandenberg Village,CA
Ventura ,CA
Victorville ,CA
View Park-Windsor Hills,CA
Vincent ,CA
Vineyard ,CA
Visalia ,CA
Vista ,CA
Walnut Creek ,CA
Walnut Park,CA
Walnut ,CA
Wasco ,CA
Waterford ,CA
Watsonville,CA
West Athens,CA
West Carson,CA
West Contra Costa ,CA
West Covina ,CA
West Hollywood,CA
West Imperial,CA
West Point-Wilseyville,CA
West Puente Valley,CA
West Sacramento,CA
West Santa Clara,CA
West Valley ,CA
West Whittier-Los Nietos,CA
Westlake Village,CA
Westminster ,CA
Westmont ,CA
Westside ,CA
Whittier ,CA
Wildomar,CA
Willowbrook ,CA
Willows,CA
Windsor ,CA
Winter Gardens,CA
Winters ,CA
Winton ,CA
Woodcrest,CA
Woodlake ,CA
Woodland ,CA
Yorba Linda,CA
Yreka,CA
Yuba City,CA
Yucaipa,CA
Yucca Valley,CA
Air Force Academy,CO
Alamosa,CO
Applewood,CO
Arvada ,CO
Aspen,CO
Aurora ,CO
Avon ,CO
Bald Mountain,CO
Berkley ,CO
Black Forest-Peyton,CO
Black Forest,CO
Boulder ,CO
Brighton ,CO
Broomfield,CO
Canon City,CO
Carbondale ,CO
Castle Pines North,CO
Castle Pines,CO
Castle Rock ,CO
Castlewood ,CO
Centennial ,CO
Central Jefferson,CO
Cherry Creek ,CO
Cherry Hills Village,CO
Cheyenne Mountain,CO
Cimarron Hills,CO
Clifton ,CO
Colorado Springs ,CO
Columbine,CO
Commerce City,CO
Cortez ,CO
Craig ,CO
Dakota Ridge,CO
Delta ,CO
Denver ,CO
Derby ,CO
Divide,CO
Durango ,CO
Eagle ,CO
East Adams,CO
East Arapahoe,CO
Edwards ,CO
Elsmere ,CO
Englewood ,CO
Erie ,CO
Estes Park,CO
Evans ,CO
Evergreen ,CO
Fairmount ,CO
Federal Heights,CO
Firestone,CO
Fort Carson,CO
Fort Collins ,CO
Fort Lupton,CO
Fort Morgan,CO
Fountain ,CO
Frederick ,CO
Fruita,CO
Fruitvale ,CO
Gleneagle,CO
Glenwood Springs,CO
Golden ,CO
Grand Junction ,CO
Grand Valley,CO
Greeley ,CO
Greenwood Village,CO
Gunbarrel,CO
Gypsum ,CO
Highlands Ranch,CO
Johnstown ,CO
Ken Caryl,CO
Kersey-Gill,CO
La Junta,CO
Lafayette ,CO
Lakewood ,CO
Lamar ,CO
Littleton ,CO
Lone Tree ,CO
Longmont,CO
Louisville ,CO
Loveland ,CO
Montrose ,CO
North Aurora ,CO
Northeast Jefferson ,CO
Northglenn,CO
Orchard Mesa,CO
Parker ,CO
Pueblo West,CO
Pueblo ,CO
Redlands ,CO
Rifle,CO
Roxborough Park,CO
Security-Widefield,CO
Sherrelwood,CO
South Aurora ,CO
South Jefferson ,CO
Southeastern El Paso,CO
Southglenn,CO
Southwest Arapahoe ,CO
St. Charles Mesa,CO
Steamboat Springs,CO
Sterling ,CO
Stonegate,CO
Stratmoor,CO
Superior ,CO
The Pinery,CO
Thornton ,CO
Trinidad ,CO
Twin Lakes ,CO
Welby,CO
Wellington ,CO
West Adams ,CO
Westminster ,CO
Wheat Ridge,CO
Windsor ,CO
Woodland Park ,CO
Woodmoor,CO
Ansonia ,CT
Avon ,CT
Beacon Falls,CT
Berlin ,CT
Bethel ,CT
Bloomfield ,CT
Branford ,CT
Bridgeport ,CT
Bristol ,CT
Brookfield ,CT
Brooklyn ,CT
Burlington ,CT
Canton ,CT
Central Manchester,CT
Cheshire ,CT
Colchester ,CT
Conning Towers-Nautilus Park,CT
Cos Cob,CT
Coventry ,CT
Cromwell ,CT
Danbury ,CT
Darien ,CT
Derby ,CT
East Haddam,CT
East Hartford,CT
East Haven ,CT
East Lyme,CT
East Windsor,CT
Easton ,CT
Ellington ,CT
Enfield ,CT
Essex ,CT
Fairfield ,CT
Farmington ,CT
Glastonbury Center,CT
Glastonbury,CT
Granby ,CT
Greenwich ,CT
Griswold ,CT
Groton ,CT
Guilford ,CT
Haddam ,CT
Hamden ,CT
Hartford ,CT
Hebron ,CT
Kensington ,CT
Killingly,CT
Killingworth,CT
Lebanon ,CT
Ledyard ,CT
Madison ,CT
Manchester ,CT
Mansfield ,CT
Marlborough ,CT
Meriden ,CT
Middlebury ,CT
Middletown ,CT
Milford ,CT
Monroe ,CT
Montville ,CT
Naugatuck,CT
New Britain ,CT
New Canaan,CT
New Fairfield,CT
New Hartford ,CT
New Haven ,CT
New London ,CT
New Milford ,CT
Newington ,CT
North Branford,CT
North Haven ,CT
Norwalk ,CT
Norwich ,CT
Oakville ,CT
Old Greenwich,CT
Old Lyme,CT
Old Saybrook,CT
Orange ,CT
Oxford ,CT
Plainfield ,CT
Plainville ,CT
Plymouth ,CT
Prospect ,CT
Putnam District,CT
Putnam ,CT
Redding ,CT
Ridgefield ,CT
Riverside ,CT
Rockville ,CT
Rocky Hill ,CT
Seymour ,CT
Shelton ,CT
Simsbury,CT
Somers ,CT
South Windsor,CT
Southbury,CT
Southington,CT
Southwood Acres,CT
Stafford ,CT
Stamford ,CT
Storrs,CT
Stratford ,CT
Suffield,CT
Thomaston ,CT
Thompsonville ,CT
Thompson ,CT
Tolland ,CT
Torrington ,CT
Trumbull ,CT
Vernon ,CT
Wallingford Center,CT
Wallingford ,CT
Waterbury ,CT
Waterford ,CT
Watertown ,CT
West Hartford,CT
West Haven ,CT
Westbrook ,CT
Weston ,CT
Westport ,CT
Wethersfield ,CT
Willimantic ,CT
Willington ,CT
Wilton ,CT
Winchester ,CT
Windham ,CT
Windsor Locks,CT
Windsor ,CT
Winsted ,CT
Wolcott ,CT
Woodbridge ,CT
Woodbury ,CT
Woodstock ,CT
Washington ,DC
Bear,DE
Brandywine ,DE
Brookside ,DE
Central Kent,DE
Central Pencader,DE
Claymont,DE
Dover ,DE
Elsmere ,DE
Georgetown ,DE
Glasgow ,DE
Greater Newark,DE
Hockessin,DE
Lower Christiana,DE
Middletown ,DE
Milford ,DE
Newark ,DE
North Star ,DE
Piedmont ,DE
Pike Creek Valley,DE
Pike Creek-Central Kirkwood,DE
Pike Creek,DE
Seaford ,DE
Smyrna ,DE
Upper Christiana,DE
Wilmington Manor,DE
Wilmington ,DE
Alachua,FL
Alafaya,FL
Altamonte Springs,FL
Andover ,FL
Apollo Beach,FL
Apopka,FL
Arcadia ,FL
Asbury Lake,FL
Atlantic Beach ,FL
Auburndale ,FL
Aventura,FL
Avon Park,FL
Azalea Park,FL
Baker ,FL
Bardmoor,FL
Bartow ,FL
Bayonet Point,FL
Bayshore Gardens,FL
Beacon Square,FL
Bee Ridge,FL
Bellair-Meadowbrook Terrace,FL
Belle Glade,FL
Belle Isle,FL
Bellview ,FL
Beverly Hills ,FL
Bithlo,FL
Bloomingdale ,FL
Boca Ciega,FL
Boca Del Mar,FL
Boca Raton,FL
Bonita Springs,FL
Boyette,FL
Boynton Beach,FL
Bradenton,FL
Brandon ,FL
Brent ,FL
Broadview Park,FL
Brooksville ,FL
Brownsville ,FL
Buenaventura Lakes,FL
Callaway ,FL
Cantonment,FL
Cape Canaveral,FL
Cape Coral ,FL
Carol City,FL
Carrollwood,FL
Casselberry,FL
Celebration,FL
Central Pasco,FL
Central Volusia,FL
Century Village,FL
Cheval,FL
Citrus Hills,FL
Citrus Park-Fern Lake ,FL
Citrus Park ,FL
Citrus Ridge,FL
Citrus Springs,FL
Clearwater ,FL
Clermont ,FL
Clewiston,FL
Cocoa Beach,FL
Cocoa,FL
Coconut Creek,FL
Collier Manor-Cresthaven,FL
Conway ,FL
Cooper City,FL
Coral Gables,FL
Coral Springs ,FL
Coral Terrace,FL
Country Club ,FL
Country Walk,FL
Crestview ,FL
Cutler Bay,FL
Cutler Ridge,FL
Cutler ,FL
Cypress Gardens,FL
Cypress Lake,FL
Dade City,FL
Dania Beach,FL
Davie,FL
Daytona Beach,FL
De Bary,FL
De Land ,FL
Deerfield Beach,FL
Delray Beach,FL
Deltona,FL
Destin,FL
Doctor Phillips,FL
Doral,FL
Dowling Park,FL
Dunedin,FL
East Lake-Orient Park,FL
East Lake,FL
East Leon,FL
East Marion ,FL
East Milton,FL
East Orange ,FL
East Perrine,FL
East Wakulla,FL
Edgewater ,FL
Eglin,FL
Egypt Lake-Leto,FL
Elfers,FL
Englewood ,FL
Ensley,FL
Estero Island,FL
Estero,FL
Eustis ,FL
Fairview Shores,FL
Fellowship,FL
Fern Park,FL
Fernandina Beach,FL
Ferry Pass,FL
Fish Hawk,FL
Fleming Island,FL
Florida City,FL
Florida Ridge,FL
Forest City ,FL
Fort Lauderdale ,FL
Fort McCoy-Anthony,FL
Fort Myers Beach,FL
Fort Myers,FL
Fort Pierce North,FL
Fort Pierce,FL
Fort Walton Beach,FL
Fountainbleau,FL
Four Corners ,FL
Fruit Cove,FL
Fruitville,FL
Fuller Heights,FL
Gainesville ,FL
Gateway ,FL
Gibsonton,FL
Gifford ,FL
Glades,FL
Gladeview,FL
Glenvar Heights,FL
Golden Gate ,FL
Golden Glades,FL
Golden Lakes,FL
Goldenrod,FL
Gonzalez,FL
Goulds,FL
Greater Carrollwood,FL
Greater Northdale,FL
Greater Sun Center,FL
Green Cove Springs,FL
Greenacres ,FL
Groveland ,FL
Gulf Breeze-Harold,FL
Gulf Gate Estates,FL
Gulf Gate-Osprey,FL
Gulfport ,FL
Haines City,FL
Hallandale Beach,FL
Hallandale,FL
Hamptons at Boca Raton,FL
Hernando ,FL
Hialeah Gardens,FL
Hialeah ,FL
Highland City,FL
Hobe Sound,FL
Holiday,FL
Holly Hill ,FL
Hollywood ,FL
Homestead ,FL
Homosassa Springs,FL
Horizon West,FL
Howey-in-the-Hills-Okahumpka,FL
Hudson ,FL
Hunters Creek,FL
Hutchinson Island,FL
Immokalee,FL
Indian Harbour Beach,FL
Indian River Estates,FL
Indiantown,FL
Interior County,FL
Interlachen-Florahome,FL
Inverness Highlands South,FL
Inverness ,FL
Inwood ,FL
Iona ,FL
Islamorada,FL
Ives Estates,FL
Jacksonville Beach,FL
Jacksonville ,FL
Jasmine Estates,FL
Jensen Beach,FL
Jupiter Farms,FL
Jupiter,FL
Kathleen,FL
Kendale Lakes-Lindgren Acres ,FL
Kendale Lakes,FL
Kendall West,FL
Kendall-Perrine ,FL
Kendall ,FL
Key Biscayne,FL
Key Largo,FL
Key West,FL
Keystone ,FL
Kings Point ,FL
Kissimmee,FL
La Belle ,FL
Lady Lake,FL
Lake Butter,FL
Lake City ,FL
Lake Lorraine ,FL
Lake Lucerne,FL
Lake Magdalene,FL
Lake Mary,FL
Lake Park ,FL
Lake Wales,FL
Lake Worth Corridor,FL
Lake Worth ,FL
Lakeland Highlands,FL
Lakeland ,FL
Lakes by the Bay,FL
Lakeside ,FL
Lakewood Park ,FL
Land O' Lakes,FL
Lantana ,FL
Largo ,FL
Lauderdale Lakes ,FL
Lauderdale-by-the-Sea,FL
Lauderhill,FL
Laurel ,FL
Lealman,FL
Leesburg ,FL
Lehigh Acres,FL
Leisure City,FL
Lighthouse Point,FL
Live Oak ,FL
Lockhart ,FL
Longboat Key,FL
Longwood ,FL
Lower Keys,FL
Lutz,FL
Lynn Haven,FL
Macclenny,FL
Maitland ,FL
Mango,FL
Marathon ,FL
Marco Island,FL
Margate,FL
Marianna ,FL
Matanzas,FL
McAlpin-Wellborn,FL
McGregor ,FL
Meadow Woods,FL
Medulla,FL
Melbourne Shores-Floridana Beach,FL
Melbourne ,FL
Melrose Park ,FL
Memphis ,FL
Merritt Island,FL
Miami Beach,FL
Miami Lakes,FL
Miami Shores,FL
Miami Springs,FL
Miami ,FL
Micco,FL
Middle Keys,FL
Middleburg-Clay Hill,FL
Middleburg ,FL
Milton ,FL
Mims,FL
Minneola ,FL
Miramar Beach,FL
Miramar ,FL
Mount Dora,FL
Myakka,FL
Myrtle Grove ,FL
Naples ,FL
Naranja,FL
Navarre ,FL
Neptune Beach,FL
New Port Richey East,FL
New Port Richey,FL
New Smyrna Beach,FL
Niceville,FL
Norland,FL
North Andrews Gardens,FL
North Bay Village,FL
North Fort Myers,FL
North Lauderdale,FL
North Miami Beach,FL
North Miami ,FL
North Okeechobee,FL
North Palm Beach,FL
North Peninsula,FL
North Port,FL
North Sarasota,FL
North Weeki Wachee,FL
North Westside ,FL
Northdale,FL
Northeast Leon,FL
Northwest Dade ,FL
Northwest Leon,FL
Oak Ridge ,FL
Oakland Park,FL
Oakleaf Plantation,FL
Ocala,FL
Ocoee,FL
Odessa ,FL
Ojus,FL
Oldsmar,FL
Olympia Heights,FL
Opa-locka North,FL
Opa-locka,FL
Orange City ,FL
Orange Park,FL
Orlando ,FL
Orlovista,FL
Ormond Beach,FL
Ormond-By-The-Sea,FL
Osprey,FL
Oviedo,FL
Pace ,FL
Palatka,FL
Palm Bay ,FL
Palm Beach Gardens,FL
Palm Beach,FL
Palm City,FL
Palm Coast,FL
Palm Harbor,FL
Palm River-Clair Mel,FL
Palm River-East Tampa,FL
Palm Springs ,FL
Palm Valley ,FL
Palmetto Bay,FL
Palmetto Estates,FL
Palmetto ,FL
Panama City Beaches,FL
Panama City Beach,FL
Panama City,FL
Parkland ,FL
Parrish ,FL
Pasadena Hills ,FL
Paxton-Darlington,FL
Pebble Creek,FL
Pelican Bay ,FL
Pembroke Park,FL
Pembroke Pines ,FL
Pensacola ,FL
Perry ,FL
Pierson-Seville,FL
Pine Castle,FL
Pine Hills ,FL
Pine Ridge ,FL
Pinecrest,FL
Pinellas Park,FL
Pinewood ,FL
Plant City,FL
Plantation ,FL
Poinciana,FL
Pompano Beach Highlands,FL
Pompano Beach ,FL
Ponte Vedra,FL
Port Charlotte,FL
Port Orange,FL
Port Salerno,FL
Port St. John,FL
Port St. Lucie-River Park,FL
Port St. Lucie ,FL
Princeton ,FL
Punta Gorda,FL
Quincy ,FL
Richmond Heights ,FL
Richmond West,FL
Riverview ,FL
Riviera Beach ,FL
Rockledge ,FL
Rotonda,FL
Royal Palm Beach-West Jupiter,FL
Royal Palm Beach,FL
Ruskin ,FL
Safety Harbor,FL
San Carlos Park,FL
Sandalfoot Cove,FL
Sanderson ,FL
Sanford ,FL
Sanibel Island,FL
Sanibel,FL
Sarasota Springs,FL
Sarasota,FL
Satellite Beach,FL
Scott Lake,FL
Sebastian ,FL
Sebring ,FL
Seffner,FL
Seminole ,FL
Shady Hills,FL
Siesta Key,FL
Silver Springs Shores,FL
Sky Lake,FL
South Bradenton,FL
South Daytona,FL
South Miami Heights,FL
South Miami,FL
South Peninsula,FL
South Venice,FL
South Westside,FL
South and East Osceola,FL
Southchase,FL
Southeast Arcadia,FL
Southeast Leon,FL
Southgate ,FL
Southport ,FL
Southwest Glades,FL
Southwest Leon,FL
Southwest Orange ,FL
Southwest Ranches,FL
Spring Hill ,FL
Springfield ,FL
St. Augustine Beach,FL
St. Augustine Shores,FL
St. Augustine ,FL
St. Cloud ,FL
St. Pete Beach,FL
St. Petersburg ,FL
Stuart ,FL
Sugarmill Woods,FL
Sun City Center,FL
Sunny Isles Beach,FL
Sunrise ,FL
Sunset ,FL
Sunshine Parkway ,FL
Sweetwater ,FL
Tallahassee ,FL
Tamarac,FL
Tamiami,FL
Tampa ,FL
Tarpon Springs,FL
Tavares,FL
Temple Terrace,FL
The Acreage,FL
The Crossings,FL
The Hammocks,FL
The Villages,FL
Thonotosassa,FL
Three Lakes ,FL
Titusville ,FL
Town 'n' Country,FL
Treasure Island,FL
Trinity ,FL
Union Park,FL
University Park ,FL
University ,FL
Upper Grand Lagoon,FL
Upper Keys,FL
Valrico,FL
Venice Gardens,FL
Venice ,FL
Vero Beach South,FL
Vero Beach,FL
Viera East,FL
Viera West,FL
Villas ,FL
Warrington,FL
Wedgefield ,FL
Wekiwa Springs,FL
Wellington ,FL
Wesley Chapel ,FL
West Lealman,FL
West Little River,FL
West Melbourne,FL
West Miami,FL
West Palm Beach ,FL
West Park ,FL
West Pensacola,FL
West Perrine,FL
West St. Lucie,FL
West Vero Corridor,FL
West Wakulla,FL
West and East Lealman,FL
Westchase,FL
Westchester ,FL
Westgate-Belvedere Homes,FL
Westgate ,FL
Weston ,FL
Westview,FL
Westwood Lakes,FL
Wildwood ,FL
Williamsburg ,FL
Willow Oak,FL
Wilton Manors,FL
Wimauma-Lithia,FL
Wimauma,FL
Winston ,FL
Winter Garden,FL
Winter Haven,FL
Winter Park ,FL
Winter Springs,FL
World Golf Village,FL
Wright ,FL
Youngstown ,FL
Yulee,FL
Zephyrhills,FL
Acworth ,GA
Albany ,GA
Alpharetta,GA
Americus ,GA
Appling,GA
Armuchee,GA
Athens-Clarke County ,GA
Athens ,GA
Atlanta ,GA
Auburn ,GA
Augusta-Richmond County ,GA
Augusta ,GA
Austell,GA
Bainbridge ,GA
Barnesville ,GA
Barretts,GA
Belvedere Park,GA
Big Creek ,GA
Bill Arp,GA
Boynton Ridge,GA
Braselton,GA
Bremen ,GA
Brunswick ,GA
Buford ,GA
Cairo ,GA
Calhoun ,GA
Campton ,GA
Candler-McAfee,GA
Canton ,GA
Carrollton ,GA
Carters Lake,GA
Cartersville,GA
Casey Springs,GA
Catoosa Springs,GA
Cedartown,GA
Centerville ,GA
Chamblee,GA
Chestatee,GA
Clarkston ,GA
College Park ,GA
Columbus ,GA
Commerce ,GA
Conley,GA
Conyers,GA
Coopers,GA
Cordele,GA
Country Club Estates,GA
Covington ,GA
Crandall-Eton,GA
Culloden-Bolingbroke,GA
Dacula-Rocky Creek,GA
Dallas ,GA
Dalton ,GA
Decatur ,GA
Dock Junction,GA
Doraville,GA
Douglasville,GA
Douglas ,GA
Druid Hills ,GA
Dublin ,GA
Duluth ,GA
Dunwoody,GA
East Dougherty,GA
East Point ,GA
Eatonton,GA
Evans ,GA
Everett ,GA
Fair Oaks ,GA
Fairburn ,GA
Fairplay ,GA
Fairview ,GA
Fayetteville ,GA
Fitzgerald,GA
Flowery Branch,GA
Forest Park ,GA
Fort Benning South,GA
Fort Benning,GA
Fort Gordon,GA
Fort Oglethorpe,GA
Fort Valley ,GA
Gainesville ,GA
Garden City ,GA
Georgetown ,GA
Gracewood,GA
Gray-Griswold,GA
Gresham Park,GA
Griffin ,GA
Grovetown,GA
Hampton ,GA
Hapeville,GA
Hinesville,GA
Holly Springs ,GA
Huntsville ,GA
Irondale ,GA
Ivylog,GA
Jefferson ,GA
Jesup ,GA
Johns Creek,GA
Juno,GA
Kennesaw,GA
Kingsland ,GA
La Fayette ,GA
LaGrange ,GA
Lathemtown,GA
Lawrenceville ,GA
Lilburn,GA
Lithia Springs,GA
Lizella,GA
Loganville ,GA
Lovejoy,GA
Mableton,GA
Macon ,GA
Marietta ,GA
Martinez ,GA
McDonough ,GA
Milledgeville ,GA
Milton ,GA
Monroe ,GA
Morrow ,GA
Mossy Creek,GA
Moultrie,GA
Murrayville ,GA
Nelson-Tate-Marble Hill,GA
Nevils-Stilson,GA
Newnan,GA
Norcross ,GA
North Atlanta,GA
North Decatur,GA
North Druid Hills,GA
North Ogeechee,GA
North Rockdale,GA
North Whitfield,GA
Northeast Cobb ,GA
Panthersville,GA
Peachtree City,GA
Perry ,GA
Philema,GA
Phoenix ,GA
Pooler-Burroughs,GA
Pooler,GA
Port Wentworth,GA
Powder Springs,GA
Red Bud ,GA
Redan,GA
Richmond Hill,GA
Rincon ,GA
Riverdale ,GA
Rome ,GA
Rossville-Beverly Hills,GA
Roswell ,GA
Rutland ,GA
Sandy Springs,GA
Savannah ,GA
Scottdale ,GA
Silver City ,GA
Skidaway Island,GA
Smyrna ,GA
Snellville,GA
South Rockdale,GA
St. Marys ,GA
St. Simons,GA
Statesboro,GA
Stockbridge ,GA
Sugar Hill ,GA
Sugar Valley-Resaca,GA
Suwanee,GA
Swainsboro,GA
Sylvester ,GA
Thalmann,GA
Thomaston ,GA
Thomasville ,GA
Thomson ,GA
Three Sisters Mountains,GA
Tifton,GA
Toccoa,GA
Tucker ,GA
Tybee Island-Wilmington,GA
Tyrone ,GA
Union City ,GA
Valdosta,GA
Valley ,GA
Vidalia ,GA
Villa Rica,GA
Vinings,GA
Waresboro,GA
Warner Robins,GA
Washington-Metasville,GA
Waycross,GA
West Dougherty,GA
West Jackson ,GA
Westside ,GA
White-Pine Log,GA
Whitemarsh Island,GA
Wilmington Island,GA
Winder,GA
Winston ,GA
Woodstock ,GA
Yellow River,GA
Yorkville ,GA
Zenith,GA
Ammon,ID
Blackfoot,ID
Blanchard-Glengary,ID
Boise ,ID
Burley ,ID
Caldwell ,ID
Chubbuck,ID
Coeur d'Alene,ID
Eagle ,ID
Emmett Valley,ID
Emmett ,ID
Garden City ,ID
Hailey,ID
Hayden ,ID
Idaho Falls,ID
Jerome ,ID
Kuna,ID
Lewiston ,ID
Meridian ,ID
Moreland ,ID
Moscow ,ID
Mountain Home ,ID
Nampa,ID
Orchard ,ID
Payette,ID
Pocatello,ID
Post Falls,ID
Rathdrum,ID
Rexburg,ID
Sandpoint,ID
Star ,ID
Thornton ,ID
Twin Falls,ID
Addison ,IL
Algonquin ,IL
Alsip,IL
Alton ,IL
Antioch ,IL
Arlington Heights ,IL
Aurora ,IL
Barrington ,IL
Bartlett ,IL
Bartonville ,IL
Batavia ,IL
Beach Park,IL
Belleville ,IL
Bellwood ,IL
Belvidere ,IL
Bensenville,IL
Benton ,IL
Berwyn ,IL
Bethalto,IL
Bloomingdale ,IL
Bloomington ,IL
Blue Island,IL
Bolingbrook,IL
Boulder Hill,IL
Bourbonnais,IL
Bradley ,IL
Braidwood,IL
Bridgeview,IL
Broadview ,IL
Brookfield ,IL
Buffalo Grove,IL
Burbank ,IL
Burr Ridge,IL
Cahokia,IL
Calumet City,IL
Calumet Park,IL
Campton Hills,IL
Canton ,IL
Carbondale ,IL
Carol Stream,IL
Carpentersville,IL
Cary ,IL
Centralia ,IL
Champaign,IL
Channahon,IL
Charleston ,IL
Chatham ,IL
Chester ,IL
Chicago Heights,IL
Chicago Ridge,IL
Chicago ,IL
Chillicothe ,IL
Cicero ,IL
Clarendon Hills,IL
Clinton ,IL
Collinsville ,IL
Columbia ,IL
Country Club Hills ,IL
Crest Hill,IL
Crestwood ,IL
Crete ,IL
Crystal Lake ,IL
Danville ,IL
Darien ,IL
DeKalb,IL
Decatur ,IL
Deerfield ,IL
Des Plaines,IL
Dixon ,IL
Dolton ,IL
Downers Grove,IL
Du Quoin,IL
East Alton,IL
East Moline,IL
East Peoria,IL
East St. Louis,IL
Edwardsville ,IL
Effingham ,IL
Elgin ,IL
Elk Grove Village,IL
Elmhurst,IL
Elmwood Park ,IL
Evanston ,IL
Evergreen Park,IL
Fairview Heights,IL
Flossmoor,IL
Forest Park ,IL
Fox Lake ,IL
Frankfort Square,IL
Frankfort ,IL
Franklin Park ,IL
Freeport ,IL
Gages Lake,IL
Galesburg ,IL
Geneseo ,IL
Geneva ,IL
Gilberts,IL
Glen Carbon,IL
Glen Ellyn,IL
Glencoe ,IL
Glendale Heights,IL
Glenview ,IL
Glenwood ,IL
Godfrey ,IL
Goodings Grove,IL
Granite City,IL
Grayslake,IL
Greenville ,IL
Gurnee,IL
Hanover Park,IL
Harrisburg ,IL
Harvard ,IL
Harvey ,IL
Harwood Heights,IL
Hawthorn Woods,IL
Hazel Crest,IL
Herrin,IL
Hickory Hills ,IL
Highland Park ,IL
Highland ,IL
Hillsboro ,IL
Hillside ,IL
Hinsdale ,IL
Hoffman Estates,IL
Homer Glen,IL
Homewood ,IL
Huntley ,IL
Inverness ,IL
Island Lake,IL
Itasca ,IL
Jacksonville ,IL
Jerseyville,IL
Johnsburg ,IL
Joliet ,IL
Justice ,IL
Kankakee,IL
Kewanee,IL
La Grange Park,IL
La Grange ,IL
La Salle ,IL
Lake Forest ,IL
Lake Villa,IL
Lake Zurich,IL
Lake in the Hills,IL
Lakemoor,IL
Lansing ,IL
Lemont ,IL
Libertyville ,IL
Lincolnshire ,IL
Lincolnwood,IL
Lincoln ,IL
Lindenhurst ,IL
Lisle ,IL
Litchfield ,IL
Lockport ,IL
Lombard,IL
Long Grove ,IL
Loves Park,IL
Lynwood ,IL
Lyons ,IL
Machesney Park,IL
Macomb ,IL
Mahomet,IL
Manhattan ,IL
Manteno,IL
Marengo ,IL
Marion ,IL
Markham ,IL
Maryville ,IL
Mascoutah,IL
Matteson ,IL
Mattoon ,IL
Maywood ,IL
McHenry ,IL
Melrose Park ,IL
Mendota ,IL
Metropolis,IL
Midlothian ,IL
Minooka,IL
Mokena,IL
Moline ,IL
Monmouth ,IL
Montgomery ,IL
Morris ,IL
Morton Grove,IL
Morton ,IL
Mount Carmel ,IL
Mount Prospect,IL
Mount Vernon ,IL
Mundelein,IL
Murphysboro,IL
Naperville ,IL
New Lenox,IL
Niles ,IL
Normal,IL
Norridge,IL
North Aurora ,IL
North Chicago,IL
North Riverside,IL
Northbrook ,IL
Northlake ,IL
O'Fallon ,IL
Oak Brook,IL
Oak Forest,IL
Oak Lawn,IL
Oak Park ,IL
Olney ,IL
Orland Hills,IL
Orland Park,IL
Oswego ,IL
Ottawa ,IL
Palatine ,IL
Palos Heights,IL
Palos Hills,IL
Paris ,IL
Park City ,IL
Park Forest,IL
Park Ridge ,IL
Pekin ,IL
Peoria Heights,IL
Peoria ,IL
Peru ,IL
Plainfield ,IL
Plano ,IL
Pontiac ,IL
Posen ,IL
Princeton ,IL
Prospect Heights,IL
Quincy ,IL
Rantoul ,IL
Richton Park,IL
River Forest ,IL
River Grove,IL
Riverdale ,IL
Riverside ,IL
Robinson ,IL
Rochelle ,IL
Rock Falls ,IL
Rock Island ,IL
Rockford ,IL
Rockton,IL
Rolling Meadows,IL
Romeoville,IL
Roscoe ,IL
Roselle ,IL
Round Lake Beach,IL
Round Lake Park,IL
Round Lake ,IL
Salem ,IL
Sandwich ,IL
Sauk Village,IL
Savoy ,IL
Schaumburg,IL
Schiller Park,IL
Shiloh ,IL
Shorewood ,IL
Silvis,IL
Skokie,IL
South Beloit,IL
South Elgin,IL
South Holland,IL
Springfield ,IL
St. Charles ,IL
Steger,IL
Sterling ,IL
Stickney ,IL
Streamwood,IL
Streator,IL
Sugar Grove ,IL
Summit ,IL
Swansea ,IL
Sycamore ,IL
Taylorville,IL
Tinley Park,IL
Troy ,IL
University Park ,IL
Urbana ,IL
Vandalia ,IL
Vernon Hills,IL
Villa Park ,IL
Warrenville ,IL
Washington ,IL
Waterloo ,IL
Wauconda,IL
Waukegan,IL
West Chicago,IL
West Dundee,IL
West Frankfort,IL
Westchester ,IL
Western Springs,IL
Westmont ,IL
Wheaton ,IL
Wheeling ,IL
Willowbrook ,IL
Wilmette,IL
Winfield ,IL
Winnetka,IL
Winthrop Harbor,IL
Wonder Lake,IL
Wood Dale,IL
Wood River ,IL
Woodridge ,IL
Woodstock ,IL
Worth ,IL
Yorkville ,IL
Zion ,IL
Anderson ,IN
Angola ,IN
Auburn ,IN
Avon ,IN
Bargersville,IN
Batesville ,IN
Bedford ,IN
Beech Grove ,IN
Bloomington ,IN
Bluffton ,IN
Boonville ,IN
Brazil,IN
Brownsburg,IN
Carmel ,IN
Cedar Lake ,IN
Charlestown ,IN
Chesterton,IN
Clarksville ,IN
Columbia City ,IN
Columbus ,IN
Connersville,IN
Crawfordsville ,IN
Crown Point ,IN
Danville ,IN
Decatur ,IN
Dunlap ,IN
Dyer ,IN
East Chicago,IN
Elkhart ,IN
Ellettsville,IN
Elwood ,IN
Evansville ,IN
Fishers,IN
Fort Wayne ,IN
Frankfort ,IN
Franklin ,IN
Garrett ,IN
Gary ,IN
Goshen ,IN
Granger ,IN
Greencastle ,IN
Greenfield ,IN
Greensburg ,IN
Greenwood ,IN
Griffith,IN
Hammond ,IN
Hartford City ,IN
Highland ,IN
Hobart ,IN
Huntingburg,IN
Huntington ,IN
Indianapolis ,IN
Jasper ,IN
Jeffersonville ,IN
Kendallville,IN
Kokomo,IN
La Porte ,IN
Lafayette ,IN
Lake Station,IN
Lakes of the Four Seasons,IN
Lawrence ,IN
Lebanon ,IN
Logansport ,IN
Lowell ,IN
Madison ,IN
Marion ,IN
Martinsville ,IN
Merrillville,IN
Michigan City ,IN
Mishawaka,IN
Mooresville ,IN
Mount Vernon ,IN
Muncie ,IN
Munster,IN
Nappanee,IN
New Albany ,IN
New Castle ,IN
New Haven ,IN
Noblesville,IN
North Manchester,IN
North Vernon,IN
Peru ,IN
Plainfield ,IN
Plymouth ,IN
Portage ,IN
Portland ,IN
Princeton ,IN
Purdue University,IN
Richmond ,IN
Rochester ,IN
Rushville ,IN
Salem ,IN
Schererville,IN
Scottsburg ,IN
Sellersburg,IN
Seymour ,IN
Shelbyville ,IN
South Bend ,IN
Speedway,IN
St. John ,IN
Tell City,IN
Terre Haute,IN
Valparaiso ,IN
Vincennes,IN
Wabash,IN
Warsaw ,IN
Washington ,IN
West Lafayette ,IN
Westfield ,IN
Westville ,IN
Yorktown ,IN
Zionsville,IN
Altoona ,IA
Ames ,IA
Ankeny,IA
Atlantic ,IA
Bettendorf,IA
Boone ,IA
Burlington ,IA
Carroll ,IA
Cedar Falls,IA
Cedar Rapids ,IA
Charles City ,IA
Clear Lake ,IA
Clinton ,IA
Clive,IA
Coralville,IA
Council Bluffs,IA
Creston ,IA
Davenport ,IA
Decorah,IA
Denison ,IA
Des Moines ,IA
Dubuque,IA
Estherville,IA
Fairfield ,IA
Fort Dodge ,IA
Fort Madison,IA
Grimes ,IA
Grinnell ,IA
Hiawatha ,IA
Indianola ,IA
Iowa City,IA
Johnston ,IA
Keokuk,IA
Knoxville ,IA
Le Mars,IA
Maquoketa,IA
Marion ,IA
Marshalltown,IA
Mason City ,IA
Mount Pleasant ,IA
Muscatine,IA
Nevada ,IA
Newton ,IA
North Liberty ,IA
Norwalk ,IA
Oelwein,IA
Orange City ,IA
Oskaloosa ,IA
Ottumwa,IA
Pella ,IA
Perry ,IA
Pleasant Hill ,IA
Sioux Center,IA
Sioux City,IA
Spencer ,IA
Storm Lake,IA
Urbandale,IA
Washington ,IA
Waterloo ,IA
Waukee,IA
Waverly ,IA
Webster City,IA
West Des Moines,IA
Abilene ,KS
Andover ,KS
Arkansas City ,KS
Atchison,KS
Augusta ,KS
Bel Aire,KS
Bonner Springs,KS
Chanute,KS
Coffeyville,KS
Derby ,KS
Dodge City ,KS
El Dorado ,KS
Emporia ,KS
Eudora ,KS
Fort Riley North,KS
Fort Riley,KS
Fort Scott,KS
Garden City ,KS
Gardner ,KS
Great Bend ,KS
Haysville ,KS
Hays ,KS
Hutchinson ,KS
Independence ,KS
Junction City ,KS
Kansas City ,KS
Lansing ,KS
Lawrence ,KS
Leavenworth ,KS
Leawood ,KS
Lenexa,KS
Liberal ,KS
Manhattan ,KS
McPherson,KS
Merriam,KS
Mission ,KS
Mulvane,KS
Newton ,KS
Olathe ,KS
Ottawa ,KS
Overland Park ,KS
Park City ,KS
Parsons ,KS
Pittsburg ,KS
Prairie Village,KS
Pratt ,KS
Roeland Park,KS
Salina ,KS
Shawnee ,KS
Topeka ,KS
Ulysses ,KS
Valley Center ,KS
Wellington ,KS
Wichita ,KS
Winfield ,KS
Alexandria ,KY
Ashland Rural,KY
Ashland ,KY
Bardstown,KY
Berea ,KY
Bowling Green ,KY
Buechel,KY
Burlington ,KY
Campbellsville,KY
Cannonsburg,KY
Cold Spring ,KY
Corbin,KY
Covington ,KY
Coxs Creek,KY
Cynthiana ,KY
Danville ,KY
Edgewood ,KY
Elizabethtown ,KY
Elsmere ,KY
Erlanger,KY
Fairdale ,KY
Fairdealing ,KY
Fayette ,KY
Fern Creek,KY
Flaherty,KY
Flatwoods ,KY
Florence ,KY
Fort Campbell North,KY
Fort Campbell ,KY
Fort Knox,KY
Fort Mitchell,KY
Fort Thomas ,KY
Francisville,KY
Frankfort ,KY
Franklin ,KY
Georgetown ,KY
Glasgow ,KY
Grants Lick,KY
Harrodsburg ,KY
Hebron ,KY
Henderson ,KY
Highland Heights ,KY
Highview,KY
Hillview ,KY
Hopkinsville,KY
Independence ,KY
Jeffersontown,KY
Keavy,KY
La Grange ,KY
Lawrenceburg ,KY
Leitchfield,KY
Lexington-Fayette ,KY
London ,KY
Louisville ,KY
Lyndon ,KY
Madisonville ,KY
Mayfield ,KY
Maysville ,KY
Middlesborough,KY
Middletown ,KY
Monticello ,KY
Morehead,KY
Mount Sterling ,KY
Mount Washington ,KY
Murray ,KY
Newburg ,KY
Newport ,KY
Nicholasville,KY
Oak Grove ,KY
Oakbrook,KY
Okolona ,KY
Owensboro,KY
Paducah ,KY
Paris ,KY
Pikeville ,KY
Pine Grove ,KY
Piner-Visalia,KY
Pleasure Ridge Park,KY
Princeton ,KY
Radcliff,KY
Richmond ,KY
Russellville ,KY
Shelbyville ,KY
Shepherdsville,KY
Shively,KY
Somerset ,KY
South Williamson,KY
Spottsville,KY
St. Dennis,KY
St. Matthews ,KY
Taylor Mill,KY
Valley Station,KY
Versailles ,KY
Villa Hills,KY
Winchester ,KY
Abbeville ,LA
Alexandria ,LA
Baker ,LA
Bastrop ,LA
Baton Rouge ,LA
Bayou Blue,LA
Bayou Cane,LA
Belle Chasse,LA
Bogalusa,LA
Bossier City,LA
Breaux Bridge,LA
Bridge City ,LA
Broussard,LA
Brownsville-Bawcomville,LA
Carencro,LA
Central ,LA
Chalmette,LA
Claiborne,LA
Covington ,LA
Crowley ,LA
De Ridder,LA
Denham Springs,LA
Destrehan,LA
Donaldsonville,LA
Eden Isle,LA
Estelle,LA
Eunice ,LA
Fort Polk South,LA
Franklin ,LA
Galliano,LA
Gardere,LA
Gonzales ,LA
Gretna ,LA
Hammond ,LA
Harahan,LA
Harvey ,LA
Houma,LA
Inniswold,LA
Jefferson ,LA
Jennings ,LA
Kenner,LA
Lacombe,LA
Lafayette ,LA
Lake Charles,LA
Laplace,LA
Larose,LA
Leesville ,LA
Luling ,LA
Mandeville,LA
Marrero,LA
Merrydale,LA
Metairie ,LA
Minden ,LA
Monroe ,LA
Morgan City ,LA
Moss Bluff,LA
Natchitoches,LA
New Iberia,LA
New Orleans ,LA
Oak Hills Place,LA
Oakdale ,LA
Old Jefferson,LA
Opelousas,LA
Patterson ,LA
Pineville ,LA
Plaquemine,LA
Ponchatoula,LA
Prairieville,LA
Prien,LA
Raceland ,LA
Rayne,LA
Red Chute,LA
Reserve ,LA
River Ridge ,LA
Ruston ,LA
Schriever,LA
Scott ,LA
Shenandoah ,LA
Shreveport ,LA
Slidell,LA
St. Gabriel,LA
St. Martinville,LA
St. Rose,LA
Sulphur ,LA
Tallulah,LA
Terrytown ,LA
Thibodaux,LA
Timberlane ,LA
Village St. George,LA
Ville Platte,LA
Waggaman,LA
Walker ,LA
West Monroe ,LA
Westwego,LA
Woodmere ,LA
Youngsville ,LA
Zachary,LA
Auburn ,ME
Augusta ,ME
Bangor ,ME
Bath ,ME
Belfast ,ME
Biddeford,ME
Brewer ,ME
Brunswick ,ME
Buxton ,ME
Cape Elizabeth,ME
Caribou ,ME
Cumberland ,ME
Eliot,ME
Ellsworth ,ME
Falmouth ,ME
Gorham ,ME
Gray ,ME
Lebanon ,ME
Lewiston ,ME
Lisbon ,ME
Old Orchard Beach,ME
Old Town,ME
Orono ,ME
Portland ,ME
Presque Isle ,ME
Rockland ,ME
Saco ,ME
Sanford ,ME
Skowhegan,ME
South Berwick,ME
South Portland,ME
Standish ,ME
Waterboro,ME
Waterville ,ME
Wells ,ME
Westbrook ,ME
Windham ,ME
Winslow ,ME
York ,ME
Aberdeen ,MD
Accokeek,MD
Adelphi ,MD
Annapolis Neck,MD
Annapolis ,MD
Arbutus,MD
Arnold ,MD
Aspen Hill,MD
Ballenger Creek,MD
Baltimore Highlands,MD
Baltimore ,MD
Bel Air North,MD
Bel Air South,MD
Bel Air,MD
Beltsville,MD
Bennsville,MD
Bethesda ,MD
Bladensburg ,MD
Bowie ,MD
Bowleys Quarters,MD
Brandywine ,MD
Brock Hall,MD
Brooklyn Park ,MD
Brunswick ,MD
Bryans Road,MD
Burtonsville,MD
California ,MD
Calverton ,MD
Cambridge ,MD
Camp Springs,MD
Cape St. Claire,MD
Carney ,MD
Catonsville,MD
Chesapeake Ranch Estates-Drum Point,MD
Chesapeake Ranch Estates,MD
Cheverly,MD
Chillum,MD
Clarksburg ,MD
Clinton ,MD
Cloverly,MD
Cockeysville,MD
Colesville ,MD
College Park ,MD
Columbia ,MD
Coral Hills,MD
Crofton ,MD
Cumberland ,MD
Damascus ,MD
Darnestown,MD
District 1 Buckeystown,MD
District 1 Taneytown,MD
District 10 Funkstown,MD
District 17 Hagerstown,MD
District 21 Hagerstown,MD
District 25 Hagerstown,MD
District 3 Hagerstown,MD
District 3 Leonardtown,MD
District 3 Middletown,MD
District 5 Queenstown,MD
District 7 Cresaptown/Bel Air,MD
District 8 Bryantown,MD
Dundalk,MD
East Riverdale,MD
Easton ,MD
Edgemere,MD
Edgewater ,MD
Edgewood ,MD
Eldersburg,MD
Elkridge,MD
Elkton ,MD
Ellicott City,MD
Essex ,MD
Fairland ,MD
Fallston ,MD
Ferndale ,MD
Forest Glen,MD
Forestville ,MD
Fort Meade ,MD
Fort Washington ,MD
Four Corners ,MD
Frederick ,MD
Friendly ,MD
Frostburg,MD
Gaithersburg,MD
Garrison ,MD
Germantown ,MD
Glassmanor,MD
Glen Burnie,MD
Glenarden,MD
Glenmont ,MD
Glenn Dale,MD
Greater Landover,MD
Greater Upper Marlboro,MD
Green Haven,MD
Green Valley ,MD
Greenbelt,MD
Hagerstown ,MD
Halfway ,MD
Hampstead ,MD
Havre de Grace,MD
Hillandale,MD
Hillcrest Heights ,MD
Hyattsville,MD
Ilchester,MD
Jessup ,MD
Joppatowne,MD
Kemp Mill,MD
Kettering ,MD
La Plata ,MD
Lake Arbor,MD
Lake Shore ,MD
Landover,MD
Langley Park,MD
Lanham-Seabrook,MD
Lanham,MD
Lansdowne-Baltimore Highlands,MD
Lansdowne ,MD
Largo ,MD
Laurel ,MD
Leisure World,MD
Lexington Park,MD
Linganore-Bartonsville,MD
Linganore,MD
Linthicum,MD
Lochearn,MD
Londontowne,MD
Lutherville-Timonium,MD
Lutherville,MD
Marlboro Village,MD
Marlton ,MD
Maryland City,MD
Mayo ,MD
Mays Chapel,MD
Middle River ,MD
Milford Mill,MD
Mitchellville ,MD
Montgomery Village,MD
Mount Airy ,MD
Mount Rainier ,MD
New Carrollton,MD
North Bethesda,MD
North Kensington,MD
North Potomac,MD
Ocean City ,MD
Ocean Pines,MD
Odenton,MD
Olney ,MD
Overlea,MD
Owings Mills,MD
Oxon Hill-Glassmanor,MD
Oxon Hill,MD
Parkville ,MD
Parole,MD
Pasadena ,MD
Perry Hall,MD
Pikesville,MD
Potomac ,MD
Randallstown,MD
Redland ,MD
Reisterstown,MD
Riverdale Park ,MD
Riverside ,MD
Riviera Beach ,MD
Robinwood,MD
Rockville ,MD
Rosaryville,MD
Rosedale ,MD
Rossmoor ,MD
Rossville ,MD
Salisbury ,MD
Savage-Guilford,MD
Savage ,MD
Scaggsville,MD
Seabrook ,MD
Severna Park,MD
Severn ,MD
Silver Spring,MD
South Gate ,MD
South Kensington,MD
South Laurel,MD
St. Charles ,MD
Stevensville ,MD
Suitland-Silver Hill,MD
Suitland,MD
Summerfield ,MD
Takoma Park,MD
Taneytown,MD
Temple Hills,MD
Thurmont,MD
Timonium,MD
Towson,MD
Travilah,MD
Urbana ,MD
Waldorf ,MD
Walker Mill,MD
Westminster ,MD
Westphalia ,MD
Wheaton-Glenmont,MD
Wheaton ,MD
White Marsh,MD
White Oak ,MD
Woodlawn ,MD
Abington,MA
Acton ,MA
Acushnet,MA
Agawam Town,MA
Agawam,MA
Amesbury Town,MA
Amesbury,MA
Amherst Center,MA
Amherst ,MA
Andover ,MA
Arlington ,MA
Ashburnham,MA
Ashland ,MA
Athol ,MA
Attleboro,MA
Auburn ,MA
Barnstable Town,MA
Bedford ,MA
Belmont ,MA
Berkley ,MA
Beverly ,MA
Billerica,MA
Blackstone ,MA
Boston ,MA
Braintree Town,MA
Braintree ,MA
Bridgewater ,MA
Brockton ,MA
Brookline ,MA
Burlington ,MA
Cambridge ,MA
Canton ,MA
Carver ,MA
Charlton ,MA
Chelmsford,MA
Chelsea ,MA
Chicopee ,MA
Clinton ,MA
Cochituate,MA
Cohasset ,MA
Concord ,MA
Dalton ,MA
Danvers ,MA
Dartmouth,MA
Dedham ,MA
Dighton ,MA
Douglas ,MA
Dracut,MA
Dudley ,MA
East Bridgewater,MA
East Falmouth,MA
East Longmeadow,MA
Easthampton Town,MA
Easthampton,MA
Easton ,MA
Everett ,MA
Fairhaven ,MA
Fall River ,MA
Fitchburg ,MA
Framingham,MA
Franklin Town,MA
Franklin ,MA
Freetown ,MA
Gardner ,MA
Georgetown ,MA
Gloucester ,MA
Grafton ,MA
Greenfield Town,MA
Greenfield ,MA
Groveland ,MA
Halifax ,MA
Hamilton ,MA
Hanover ,MA
Harvard ,MA
Harwich,MA
Haverhill ,MA
Holbrook ,MA
Holden ,MA
Holliston,MA
Holyoke ,MA
Hudson ,MA
Hull ,MA
Lakeville ,MA
Lancaster ,MA
Lawrence ,MA
Leicester ,MA
Leominster,MA
Lexington ,MA
Lincoln ,MA
Littleton ,MA
Longmeadow,MA
Lowell ,MA
Ludlow ,MA
Lynnfield,MA
Lynn ,MA
Malden ,MA
Mansfield Center ,MA
Mansfield ,MA
Marblehead ,MA
Marlborough ,MA
Mashpee,MA
Mattapoisett,MA
Maynard ,MA
Medfield,MA
Medford ,MA
Medway ,MA
Melrose ,MA
Merrimac ,MA
Methuen,MA
Middleborough Center,MA
Middleborough,MA
Middleton ,MA
Milford ,MA
Millbury ,MA
Millis,MA
Milton ,MA
Monson ,MA
Montague ,MA
Nantucket,MA
Natick,MA
Needham ,MA
New Bedford ,MA
Newburyport,MA
Newbury ,MA
Newton ,MA
Norfolk ,MA
North Adams ,MA
North Amherst,MA
North Andover,MA
North Attleborough Center,MA
North Attleborough,MA
North Reading,MA
Northampton ,MA
Northborough,MA
Northbridge,MA
Norton ,MA
Norwell,MA
Norwood ,MA
Oxford ,MA
Palmer Town,MA
Peabody ,MA
Pembroke ,MA
Pinehurst ,MA
Pittsfield ,MA
Plainville ,MA
Plymouth ,MA
Quincy ,MA
Randolph ,MA
Raynham ,MA
Reading ,MA
Rehoboth,MA
Revere ,MA
Rockland ,MA
Salem ,MA
Saugus,MA
Seekonk,MA
Shrewsbury ,MA
Somerset ,MA
Somerville ,MA
South Hadley,MA
South Yarmouth,MA
Southborough,MA
Southbridge Town,MA
Southbridge,MA
Southwick,MA
Springfield ,MA
Sterling ,MA
Stoneham ,MA
Stoughton ,MA
Stow ,MA
Sudbury ,MA
Sutton ,MA
Swampscott,MA
Swansea ,MA
Taunton ,MA
Templeton ,MA
Tewksbury,MA
Tyngsborough,MA
Upton ,MA
Uxbridge,MA
Wakefield ,MA
Waltham ,MA
Wareham,MA
Ware,MA
Watertown ,MA
Wayland ,MA
Webster ,MA
Wellesley,MA
West Boylston,MA
West Bridgewater,MA
West Concord ,MA
West Springfield Town,MA
West Springfield ,MA
West Yarmouth,MA
Westfield ,MA
Westford ,MA
Westminster ,MA
Weston ,MA
Westport ,MA
Westwood ,MA
Weymouth Town,MA
Weymouth,MA
Whitinsville,MA
Whitman,MA
Wilmington ,MA
Winchester ,MA
Winthrop Town,MA
Winthrop ,MA
Woburn,MA
Worcester ,MA
Wrentham,MA
Yarmouth ,MA
Adrian ,MI
Albion ,MI
Allen Park,MI
Allendale ,MI
Alma ,MI
Alpena ,MI
Ann Arbor ,MI
Auburn Hills,MI
Battle Creek ,MI
Bay City ,MI
Beecher ,MI
Benton Harbor,MI
Berkley ,MI
Beverly Hills ,MI
Big Rapids,MI
Birmingham ,MI
Bloomfield Township,MI
Bridgeport ,MI
Brighton ,MI
Buena Vista ,MI
Burton ,MI
Cadillac,MI
Canton ,MI
Carrollton ,MI
Center Line,MI
Charlotte ,MI
Clawson ,MI
Coldwater ,MI
Comstock Park,MI
Cutlerville,MI
Dearborn Heights,MI
Dearborn ,MI
Detroit ,MI
East Grand Rapids,MI
East Lansing,MI
Eastpointe,MI
Eastwood ,MI
Ecorse,MI
Escanaba,MI
Fair Plain,MI
Farmington Hills,MI
Farmington ,MI
Fenton ,MI
Ferndale ,MI
Flat Rock ,MI
Flint ,MI
Flushing ,MI
Forest Hills ,MI
Fraser ,MI
Freeland ,MI
Garden City ,MI
Grand Blanc,MI
Grand Haven,MI
Grand Ledge,MI
Grand Rapids ,MI
Grandville,MI
Greenville ,MI
Grosse Ile,MI
Grosse Pointe Farms,MI
Grosse Pointe Park,MI
Grosse Pointe Woods,MI
Hamtramck,MI
Harper Woods,MI
Haslett,MI
Hastings ,MI
Hazel Park,MI
Highland Park ,MI
Hillsdale ,MI
Holland ,MI
Holly ,MI
Holt ,MI
Houghton ,MI
Howell ,MI
Hudsonville,MI
Huntington Woods,MI
Inkster ,MI
Ionia ,MI
Iron Mountain,MI
Ishpeming,MI
Jackson ,MI
Jenison,MI
Kalamazoo,MI
Kentwood ,MI
Lambertville ,MI
Lansing ,MI
Lapeer ,MI
Lincoln Park ,MI
Livonia ,MI
Ludington ,MI
Madison Heights ,MI
Manistee,MI
Marquette ,MI
Marshall ,MI
Marysville ,MI
Mason ,MI
Melvindale,MI
Menominee ,MI
Midland ,MI
Milford ,MI
Monroe ,MI
Mount Clemens,MI
Mount Pleasant ,MI
Muskegon Heights,MI
Muskegon,MI
New Baltimore ,MI
Niles ,MI
Northview,MI
Norton Shores,MI
Novi,MI
Oak Park ,MI
Okemos,MI
Owosso,MI
Plymouth Township,MI
Plymouth ,MI
Pontiac ,MI
Port Huron,MI
Portage ,MI
Redford ,MI
River Rouge,MI
Riverview ,MI
Rochester Hills,MI
Rochester ,MI
Romulus ,MI
Roseville ,MI
Royal Oak,MI
Saginaw Township North,MI
Saginaw Township South,MI
Saginaw ,MI
Saline ,MI
Sault Ste. Marie,MI
Shelby ,MI
Shields ,MI
South Lyon,MI
South Monroe,MI
Southfield ,MI
Southgate ,MI
St. Clair Shores,MI
St. Johns ,MI
St. Joseph ,MI
St. Louis ,MI
Sterling Heights ,MI
Sturgis ,MI
Taylor ,MI
Tecumseh ,MI
Temperance,MI
Three Rivers ,MI
Traverse City,MI
Trenton ,MI
Troy ,MI
Walker ,MI
Walled Lake,MI
Warren ,MI
Waterford ,MI
Waverly ,MI
Wayne ,MI
West Bloomfield Township,MI
Westland ,MI
Westwood ,MI
Whitmore Lake,MI
Wixom,MI
Woodhaven,MI
Wyandotte ,MI
Wyoming ,MI
Ypsilanti ,MI
Albert Lea,MN
Albertville ,MN
Alexandria ,MN
Andover ,MN
Anoka ,MN
Apple Valley ,MN
Arden Hills,MN
Austin ,MN
Baxter ,MN
Belle Plaine ,MN
Bemidji,MN
Big Lake ,MN
Blaine ,MN
Bloomington ,MN
Brainerd,MN
Brooklyn Center,MN
Brooklyn Park ,MN
Buffalo ,MN
Burnsville ,MN
Cambridge ,MN
Champlin,MN
Chanhassen,MN
Chaska,MN
Cloquet,MN
Columbia Heights,MN
Coon Rapids ,MN
Cottage Grove ,MN
Crookston ,MN
Crystal ,MN
Detroit Lakes,MN
Duluth ,MN
Eagan,MN
East Bethel,MN
East Grand Forks,MN
Eden Prairie,MN
Edina ,MN
Elk River ,MN
Fairmont ,MN
Faribault,MN
Farmington ,MN
Fergus Falls,MN
Forest Lake ,MN
Fridley,MN
Golden Valley ,MN
Grand Rapids ,MN
Ham Lake,MN
Hastings ,MN
Hermantown,MN
Hibbing,MN
Hopkins ,MN
Hugo ,MN
Hutchinson ,MN
International Falls,MN
Inver Grove Heights,MN
Kasson,MN
Lake Elmo,MN
Lakeville ,MN
Lino Lakes,MN
Litchfield ,MN
Little Canada,MN
Little Falls ,MN
Mahtomedi,MN
Mankato ,MN
Maple Grove ,MN
Maplewood ,MN
Marshall ,MN
Mendota Heights,MN
Minneapolis ,MN
Minnetonka,MN
Minnetrista,MN
Monticello ,MN
Moorhead ,MN
Mounds View,MN
Mound ,MN
New Brighton ,MN
New Hope ,MN
New Prague,MN
New Ulm,MN
North Branch ,MN
North Mankato,MN
North St. Paul,MN
Northfield ,MN
Oak Grove ,MN
Oakdale ,MN
Orono ,MN
Otsego ,MN
Owatonna,MN
Plymouth ,MN
Prior Lake,MN
Ramsey ,MN
Red Wing,MN
Richfield ,MN
Robbinsdale,MN
Rochester ,MN
Rogers ,MN
Rosemount ,MN
Roseville ,MN
Sartell,MN
Sauk Rapids,MN
Savage ,MN
Shakopee,MN
Shoreview,MN
Shorewood ,MN
South St. Paul,MN
Spring Lake Park,MN
St. Anthony ,MN
St. Cloud ,MN
St. Francis ,MN
St. Joseph ,MN
St. Louis Park,MN
St. Michael ,MN
St. Paul ,MN
St. Peter ,MN
Stillwater ,MN
Thief River Falls,MN
Vadnais Heights,MN
Victoria ,MN
Virginia ,MN
Waconia,MN
Waite Park,MN
Waseca,MN
West St. Paul,MN
White Bear Lake,MN
Willmar,MN
Winona ,MN
Woodbury ,MN
Worthington ,MN
Wyoming ,MN
Affton,MO
Arnold ,MO
Aurora ,MO
Ballwin,MO
Bellefontaine Neighbors,MO
Belton ,MO
Berkeley ,MO
Black Jack,MO
Blue Springs ,MO
Bolivar ,MO
Bonne Terre,MO
Boonville ,MO
Branson ,MO
Brentwood ,MO
Bridgeton ,MO
Cameron ,MO
Cape Girardeau,MO
Carl Junction,MO
Carthage ,MO
Caruthersville,MO
Chesterfield ,MO
Chillicothe ,MO
Clayton ,MO
Clinton ,MO
Columbia ,MO
Concord ,MO
Crestwood ,MO
Creve Coeur ,MO
Dardenne Prairie,MO
De Soto ,MO
Des Peres,MO
Dexter ,MO
Ellisville ,MO
Eureka ,MO
Excelsior Springs,MO
Farmington ,MO
Ferguson ,MO
Festus,MO
Florissant ,MO
Fort Leonard Wood,MO
Fulton ,MO
Gladstone ,MO
Grain Valley,MO
Grandview ,MO
Hannibal ,MO
Harrisonville ,MO
Hazelwood,MO
Independence ,MO
Jackson ,MO
Jefferson City ,MO
Jennings ,MO
Joplin ,MO
Kansas City ,MO
Kearney ,MO
Kennett,MO
Kirksville,MO
Kirkwood ,MO
Ladue,MO
Lake St. Louis,MO
Lebanon ,MO
Lee's Summit,MO
Lemay,MO
Liberty ,MO
Manchester ,MO
Maplewood ,MO
Marshall ,MO
Marshfield ,MO
Maryland Heights,MO
Maryville ,MO
Mehlville,MO
Mexico ,MO
Moberly,MO
Monett,MO
Murphy ,MO
Neosho ,MO
Nevada ,MO
Nixa,MO
O'Fallon ,MO
Oak Grove ,MO
Oakville ,MO
Old Jamestown,MO
Olivette,MO
Overland ,MO
Ozark ,MO
Pacific ,MO
Park Hills ,MO
Perryville ,MO
Pleasant Hill ,MO
Poplar Bluff,MO
Raymore,MO
Raytown,MO
Republic ,MO
Richmond Heights ,MO
Rolla ,MO
Sappington,MO
Sedalia ,MO
Shrewsbury ,MO
Sikeston,MO
Smithville ,MO
Spanish Lake,MO
Springfield ,MO
St. Ann,MO
St. Charles ,MO
St. John ,MO
St. Joseph ,MO
St. Louis ,MO
St. Peters,MO
Sullivan ,MO
Sunset Hills,MO
Town and Country ,MO
Trenton ,MO
Troy ,MO
Union ,MO
University City,MO
Valley Park ,MO
Warrensburg ,MO
Warrenton ,MO
Washington ,MO
Webb City ,MO
Webster Groves,MO
Wentzville,MO
West Plains,MO
Wildwood ,MO
Amory,MS
Batesville ,MS
Bay St. Louis,MS
Biloxi,MS
Booneville ,MS
Brandon ,MS
Brookhaven ,MS
Byram ,MS
Canton ,MS
Clarksdale ,MS
Cleveland ,MS
Clinton ,MS
Columbia ,MS
Columbus ,MS
Corinth ,MS
D'Iberville,MS
Diamondhead,MS
Flowood,MS
Gautier,MS
Greenville ,MS
Greenwood ,MS
Grenada ,MS
Gulf Hills,MS
Gulfport ,MS
Hattiesburg,MS
Hernando ,MS
Holly Springs ,MS
Horn Lake,MS
Indianola ,MS
Jackson ,MS
Kosciusko,MS
Latimer ,MS
Laurel ,MS
Long Beach ,MS
Louisville ,MS
Madison ,MS
McComb ,MS
Meridian ,MS
Moss Point,MS
Natchez ,MS
New Albany ,MS
Ocean Springs,MS
Olive Branch ,MS
Oxford ,MS
Pascagoula,MS
Pearl ,MS
Petal,MS
Philadelphia ,MS
Picayune,MS
Richland ,MS
Ridgeland ,MS
Senatobia,MS
Southaven,MS
St. Martin ,MS
Starkville ,MS
Tupelo ,MS
Vicksburg ,MS
Waveland ,MS
West Point ,MS
Yazoo City,MS
Anaconda-Deer Lodge County,MT
Anaconda,MT
Belgrade ,MT
Billings ,MT
Blackfeet,MT
Bozeman,MT
Butte-Silver Bow,MT
Butte ,MT
Creston-Bigfork,MT
Crow Reservation,MT
Evergreen ,MT
Great Falls ,MT
Havre,MT
Helena Valley Southeast,MT
Helena Valley West Central,MT
Helena ,MT
Kalispell,MT
Laurel ,MT
Livingston ,MT
Lockwood ,MT
Miles City,MT
Missoula,MT
South Yellowstone,MT
Upper Yellowstone Valley,MT
Whitefish,MT
Alliance ,NE
Beatrice ,NE
Bellevue ,NE
Blair ,NE
Chalco,NE
Columbus ,NE
Crete ,NE
Elkhorn ,NE
Fremont ,NE
Gering,NE
Grand Island ,NE
Hastings ,NE
Kearney ,NE
La Vista,NE
Lexington ,NE
Lincoln ,NE
McCook ,NE
Nebraska City,NE
Norfolk ,NE
North Platte,NE
Omaha ,NE
Papillion,NE
Plattsmouth,NE
Ralston ,NE
Schuyler ,NE
Scottsbluff,NE
Seward ,NE
Sidney ,NE
South Sioux City,NE
York ,NE
Boulder City,NV
Carson City ,NV
Clark ,NV
Cold Springs ,NV
Crystal ,NV
Dayton ,NV
Elko ,NV
Enterprise ,NV
Fallon ,NV
Fernley,NV
Gardnerville Ranchos,NV
Genoa-Jacks Valley,NV
Golconda ,NV
Henderson ,NV
Incline Village-Crystal Bay,NV
Incline Village,NV
Johnson Lane,NV
Las Vegas ,NV
Laughlin,NV
Lemmon Valley-Golden Valley,NV
Mesquite ,NV
Moapa Valley,NV
North Las Vegas ,NV
North Valleys,NV
Pahrump,NV
Paradise ,NV
Reno ,NV
Spanish Springs,NV
Sparks ,NV
Spring Creek ,NV
Spring Valley ,NV
Summerlin South,NV
Sun Valley ,NV
Sunrise Manor ,NV
Warm Springs-Truckee Canyon,NV
Washoe Valley,NV
Whitney ,NV
Winchester ,NV
Winnemucca,NV
Zephyr Cove,NV
Amherst ,NH
Atkinson ,NH
Barrington ,NH
Bedford ,NH
Belmont ,NH
Berlin ,NH
Bow ,NH
Claremont ,NH
Concord ,NH
Derry ,NH
Dover ,NH
Durham ,NH
Exeter ,NH
Franklin ,NH
Gilford,NH
Goffstown,NH
Hampstead ,NH
Hampton ,NH
Hanover ,NH
Hollis ,NH
Hudson ,NH
Keene ,NH
Kingston ,NH
Laconia ,NH
Lebanon ,NH
Litchfield ,NH
Londonderry ,NH
Manchester ,NH
Merrimack,NH
Milford ,NH
Nashua ,NH
Pelham ,NH
Pembroke ,NH
Plaistow,NH
Portsmouth ,NH
Rindge,NH
Rochester ,NH
Salem ,NH
Seabrook ,NH
Somersworth,NH
Stratham,NH
Swanzey,NH
Weare,NH
Windham ,NH
Absecon,NJ
Allendale ,NJ
Asbury Park,NJ
Ashland ,NJ
Atlantic City ,NJ
Audubon ,NJ
Avenel,NJ
Barclay-Kingston,NJ
Barrington ,NJ
Bayonne,NJ
Beachwood ,NJ
Belleville ,NJ
Bellmawr,NJ
Bergenfield,NJ
Berkeley Heights,NJ
Berlin ,NJ
Bernardsville,NJ
Bloomfield ,NJ
Bloomingdale ,NJ
Bogota,NJ
Boonton,NJ
Bound Brook,NJ
Bradley Gardens,NJ
Bridgeton ,NJ
Brigantine,NJ
Brookdale ,NJ
Browns Mills,NJ
Budd Lake,NJ
Burlington ,NJ
Butler ,NJ
Caldwell ,NJ
Camden ,NJ
Carlstadt,NJ
Carneys Point,NJ
Carteret,NJ
Cedar Grove ,NJ
Chatham ,NJ
Cherry Hill Mall,NJ
Clark ,NJ
Clayton ,NJ
Cliffside Park,NJ
Clifton ,NJ
Closter,NJ
Collingswood,NJ
Colonia,NJ
Cranford,NJ
Cresskill,NJ
Crestwood Village,NJ
Dayton ,NJ
Dover ,NJ
Dumont ,NJ
Dunellen,NJ
East Brunswick,NJ
East Franklin,NJ
East Orange ,NJ
East Rutherford ,NJ
Eatontown,NJ
Echelon,NJ
Edgewater ,NJ
Edison ,NJ
Elizabeth ,NJ
Elmwood Park ,NJ
Emerson ,NJ
Englewood ,NJ
Erlton-Ellisburg,NJ
Ewing ,NJ
Fair Haven ,NJ
Fair Lawn,NJ
Fairfield ,NJ
Fairview ,NJ
Fanwood,NJ
Florence-Roebling,NJ
Florham Park,NJ
Fords,NJ
Fort Dix,NJ
Fort Lee ,NJ
Franklin Lakes,NJ
Franklin Park ,NJ
Freehold,NJ
Garfield ,NJ
Glassboro,NJ
Glen Ridge ,NJ
Glen Rock ,NJ
Gloucester City,NJ
Green Knoll,NJ
Greentree,NJ
Guttenberg ,NJ
Hackensack ,NJ
Hackettstown,NJ
Haddon Heights,NJ
Haddonfield,NJ
Haledon,NJ
Hamilton Square,NJ
Hammonton,NJ
Harrison ,NJ
Hasbrouck Heights,NJ
Hawthorne ,NJ
Highland Park ,NJ
Hillsdale ,NJ
Hillside ,NJ
Hoboken ,NJ
Holiday City-Berkeley,NJ
Hopatcong,NJ
Irvington ,NJ
Iselin,NJ
Jersey City ,NJ
Keansburg,NJ
Kearny ,NJ
Kendall Park,NJ
Kenilworth ,NJ
Keyport ,NJ
Kinnelon,NJ
Lake Mohawk ,NJ
Lakewood ,NJ
Laurence Harbor,NJ
Leonia,NJ
Lincoln Park ,NJ
Lincroft,NJ
Lindenwold,NJ
Linden ,NJ
Linwood ,NJ
Little Falls ,NJ
Little Ferry,NJ
Livingston ,NJ
Lodi ,NJ
Long Branch ,NJ
Lyndhurst ,NJ
Madison Park,NJ
Madison ,NJ
Manville ,NJ
Maplewood ,NJ
Margate City,NJ
Marlton ,NJ
Martinsville ,NJ
Matawan,NJ
Maywood ,NJ
Mercerville-Hamilton Square,NJ
Mercerville,NJ
Metuchen,NJ
Middlesex ,NJ
Midland Park,NJ
Millburn,NJ
Milltown ,NJ
Millville ,NJ
Montclair ,NJ
Montvale ,NJ
Moorestown-Lenola,NJ
Morristown ,NJ
Mountainside,NJ
Mystic Island,NJ
New Brunswick,NJ
New Milford ,NJ
New Providence ,NJ
Newark ,NJ
Newton ,NJ
North Arlington,NJ
North Brunswick Township,NJ
North Caldwell,NJ
North Haledon,NJ
North Plainfield,NJ
Northfield ,NJ
Nutley,NJ
Oakland ,NJ
Ocean Acres,NJ
Ocean City ,NJ
Old Bridge,NJ
Oradell,NJ
Orange ,NJ
Palisades Park,NJ
Palmyra ,NJ
Paramus,NJ
Park Ridge ,NJ
Passaic ,NJ
Paterson ,NJ
Paulsboro,NJ
Pennsauken,NJ
Pennsville,NJ
Perth Amboy,NJ
Phillipsburg ,NJ
Pine Hill ,NJ
Pine Lake Park,NJ
Pitman,NJ
Plainfield ,NJ
Pleasantville ,NJ
Point Pleasant ,NJ
Pomona ,NJ
Pompton Lakes,NJ
Princeton Meadows,NJ
Princeton ,NJ
Rahway,NJ
Ramsey ,NJ
Ramtown,NJ
Raritan ,NJ
Red Bank ,NJ
Ridgefield Park,NJ
Ridgefield ,NJ
Ridgewood,NJ
Ringwood ,NJ
River Edge,NJ
River Vale,NJ
Robertsville ,NJ
Rockaway,NJ
Roselle Park,NJ
Roselle ,NJ
Rumson,NJ
Runnemede,NJ
Rutherford ,NJ
Saddle Brook,NJ
Sayreville,NJ
Scotch Plains,NJ
Secaucus,NJ
Short Hills,NJ
Smithville ,NJ
Somers Point,NJ
Somerset ,NJ
Somerville ,NJ
South Amboy,NJ
South Orange,NJ
South Plainfield,NJ
South River ,NJ
Spotswood,NJ
Springdale ,NJ
Springfield ,NJ
Stratford ,NJ
Strathmore ,NJ
Succasunna-Kenvil,NJ
Succasunna,NJ
Summit ,NJ
Teaneck,NJ
Tenafly,NJ
Tinton Falls,NJ
Toms River,NJ
Totowa,NJ
Trenton ,NJ
Twin Rivers,NJ
Union Beach,NJ
Union City ,NJ
Union ,NJ
Upper Montclair,NJ
Upper Saddle River,NJ
Ventnor City,NJ
Verona ,NJ
Villas ,NJ
Vineland ,NJ
Waldwick ,NJ
Wallington,NJ
Wanaque,NJ
Washington Township,NJ
Washington ,NJ
Wayne ,NJ
West Caldwell,NJ
West Freehold,NJ
West Long Branch,NJ
West Milford ,NJ
West New York,NJ
West Orange ,NJ
West Paterson,NJ
Westfield ,NJ
Westwood ,NJ
Wharton ,NJ
White Horse ,NJ
White Meadow Lake,NJ
Williamstown ,NJ
Wood-Ridge,NJ
Woodbridge ,NJ
Woodbury ,NJ
Woodland Park ,NJ
Wyckoff,NJ
Yardville-Groveville,NJ
Yardville,NJ
Yorketown,NJ
Alamogordo,NM
Albuquerque ,NM
Anthony ,NM
Artesia ,NM
Aztec ,NM
Belen,NM
Bernalillo,NM
Bloomfield ,NM
Carlsbad ,NM
Chaparral,NM
Clovis ,NM
Corrales,NM
Deming ,NM
Dona Ana-Hill,NM
Eldorado at Santa Fe,NM
Espanola,NM
Fairacres,NM
Farmington ,NM
Gallup,NM
Grants,NM
Hobbs,NM
Jemez,NM
Kirtland ,NM
Las Cruces ,NM
Las Vegas ,NM
Los Alamos ,NM
Los Lunas,NM
Los Ranchos de Albuquerque,NM
Lovington ,NM
North Valley,NM
Portales,NM
Raton,NM
Red Rock ,NM
Reservation ,NM
Rio Rancho,NM
Roswell ,NM
Ruidoso,NM
San Juan Pueblo,NM
Santa Fe ,NM
Santo Domingo,NM
Shiprock,NM
Silver City ,NM
Simpson-Chaco,NM
Socorro ,NM
South Dona Ana,NM
South Rio Arriba,NM
South Valley ,NM
Southeast Otero,NM
Southwest Chaves,NM
Sunland Park,NM
Truth or Consequences,NM
Zuni Pueblo,NM
Zuni,NM
Airmont,NY
Albany ,NY
Albion ,NY
Amherst ,NY
Amityville,NY
Amsterdam ,NY
Arcadia ,NY
Auburn ,NY
Babylon,NY
Baldwin Harbor,NY
Baldwinsville,NY
Baldwin ,NY
Ballston,NY
Barton ,NY
Batavia ,NY
Bay Shore ,NY
Bayport ,NY
Bayville,NY
Baywood,NY
Beacon ,NY
Beekman,NY
Bellmore,NY
Bethlehem ,NY
Bethpage ,NY
Binghamton University,NY
Binghamton,NY
Blooming Grove ,NY
Bohemia,NY
Boston ,NY
Brentwood ,NY
Briarcliff Manor,NY
Brighton ,NY
Brockport,NY
Bronxville,NY
Bronx ,NY
Brooklyn ,NY
Brunswick ,NY
Buffalo ,NY
Busti,NY
Calverton ,NY
Canandaigua,NY
Canton ,NY
Carmel Hamlet,NY
Carmel ,NY
Cedarhurst,NY
Center Moriches,NY
Centereach,NY
Central Islip,NY
Cheektowaga,NY
Chenango,NY
Chestnut Ridge,NY
Chili ,NY
Cicero ,NY
Clarence ,NY
Clarkson ,NY
Clarkstown,NY
Claverack,NY
Clay ,NY
Clifton Park,NY
Cohoes,NY
Collins ,NY
Colonie,NY
Commack,NY
Concord ,NY
Congers,NY
Copiague,NY
Coram ,NY
Corning ,NY
Cornwall ,NY
Cortlandt,NY
Cortlandville,NY
Cortland ,NY
Crawford ,NY
Croton-on-Hudson,NY
De Witt ,NY
Deer Park ,NY
Deerpark,NY
Delmar ,NY
Depew ,NY
Dix Hills,NY
Dobbs Ferry,NY
Dover ,NY
Dunkirk ,NY
East Aurora,NY
East Farmingdale,NY
East Fishkill,NY
East Garden City,NY
East Glenville,NY
East Hills,NY
East Islip,NY
East Massapequa,NY
East Meadow,NY
East Northport,NY
East Patchogue,NY
East Rochester ,NY
East Rockaway,NY
East Shoreham,NY
Eastchester,NY
Eggertsville,NY
Ellicott ,NY
Elma ,NY
Elmira ,NY
Elmont,NY
Elwood ,NY
Endicott ,NY
Endwell,NY
Erwin ,NY
Esopus,NY
Evans ,NY
Fairmount ,NY
Fallsburg,NY
Farmingdale ,NY
Farmington ,NY
Farmingville,NY
Fenton ,NY
Floral Park,NY
Fort Drum,NY
Fort Salonga,NY
Franklin Square,NY
Fredonia ,NY
Freeport ,NY
Fulton ,NY
Garden City Park,NY
Garden City ,NY
Gates-North Gates,NY
Gates ,NY
Geddes ,NY
Geneseo ,NY
Geneva ,NY
German Flatts,NY
Glen Cove,NY
Glens Falls North,NY
Glens Falls,NY
Glenville ,NY
Gloversville,NY
Granby ,NY
Grand Island ,NY
Great Neck Plaza,NY
Great Neck,NY
Greece,NY
Greenburgh,NY
Greenfield ,NY
Greenlawn,NY
Guilderland,NY
Halfmoon,NY
Hamburg ,NY
Hamlin ,NY
Hampton Bays,NY
Hanover ,NY
Harrison ,NY
Hastings-on-Hudson,NY
Hastings ,NY
Hauppauge,NY
Haverstraw,NY
Hempstead ,NY
Henrietta ,NY
Herkimer,NY
Hewlett,NY
Hicksville ,NY
Highlands ,NY
Hillcrest ,NY
Holbrook ,NY
Holtsville,NY
Hoosick,NY
Hornell,NY
Horseheads,NY
Hudson Falls,NY
Hudson ,NY
Huntington Station,NY
Huntington ,NY
Hyde Park ,NY
Ilion,NY
Inwood ,NY
Irondequoit,NY
Irvington ,NY
Islip,NY
Ithaca ,NY
Jamestown ,NY
Jefferson Valley-Yorktown,NY
Jericho ,NY
Johnson City ,NY
Johnstown ,NY
Kenmore ,NY
Kent ,NY
Kings Park ,NY
Kingsbury ,NY
Kingston ,NY
Kirkland ,NY
Kiryas Joel,NY
La Grange ,NY
Lackawanna,NY
Lake Carmel,NY
Lake Grove,NY
Lake Mohegan,NY
Lake Ronkonkoma,NY
Lancaster ,NY
Lawrence ,NY
Le Ray,NY
Lee ,NY
Lenox ,NY
Levittown ,NY
Lewisboro,NY
Lindenhurst ,NY
Lloyd ,NY
Lockport ,NY
Long Beach ,NY
Lynbrook,NY
Lysander,NY
Mahopac,NY
Malta ,NY
Malverne,NY
Mamakating,NY
Mamaroneck,NY
Manhasset,NY
Manhattan ,NY
Manorhaven,NY
Manorville ,NY
Marcy,NY
Marlborough ,NY
Massapequa Park,NY
Massapequa,NY
Massena ,NY
Mastic Beach,NY
Mastic,NY
Mattydale,NY
Mechanicstown,NY
Medford ,NY
Melville ,NY
Mendon ,NY
Merrick,NY
Middle Island,NY
Middletown ,NY
Miller Place,NY
Milo ,NY
Mineola ,NY
Monroe ,NY
Monsey,NY
Monticello ,NY
Moreau,NY
Mount Hope ,NY
Mount Ivy,NY
Mount Kisco,NY
Mount Pleasant ,NY
Mount Sinai,NY
Mount Vernon ,NY
Myers Corner,NY
Nanuet,NY
Nesconset,NY
New Cassel,NY
New Castle ,NY
New City,NY
New Hyde Park,NY
New Paltz,NY
New Rochelle,NY
New Scotland,NY
New Square,NY
New Windsor ,NY
New York ,NY
Newark ,NY
Newburgh ,NY
Newstead,NY
Niagara Falls,NY
Niagara ,NY
North Amityville,NY
North Babylon,NY
North Bay Shore,NY
North Bellmore,NY
North Bellport,NY
North Castle,NY
North Elba,NY
North Gates,NY
North Greenbush,NY
North Hempstead ,NY
North Lindenhurst,NY
North Massapequa,NY
North Merrick,NY
North New Hyde Park,NY
North Patchogue,NY
North Syracuse,NY
North Tonawanda,NY
North Valley Stream,NY
North Wantagh,NY
Northport ,NY
Norwich ,NY
Nyack,NY
Oakdale ,NY
Oceanside ,NY
Ogdensburg ,NY
Ogden ,NY
Olean ,NY
Oneida ,NY
Oneonta ,NY
Onondaga,NY
Ontario ,NY
Orange Lake,NY
Orangetown,NY
Ossining,NY
Oswego ,NY
Oyster Bay,NY
Parma ,NY
Patchogue,NY
Patterson ,NY
Pearl River ,NY
Peekskill,NY
Pelham ,NY
Pendleton ,NY
Penfield ,NY
Perinton,NY
Philipstown,NY
Plainedge,NY
Plainview ,NY
Plattsburgh,NY
Pleasantville ,NY
Pomfret ,NY
Pompey,NY
Port Chester,NY
Port Jefferson Station,NY
Port Jefferson ,NY
Port Jervis,NY
Port Washington ,NY
Porter ,NY
Potsdam ,NY
Poughkeepsie,NY
Putnam Valley,NY
Queensbury,NY
Queens ,NY
Ramapo ,NY
Rensselaer ,NY
Ridgeway ,NY
Ridge,NY
Riverhead,NY
Rochester ,NY
Rockville Centre,NY
Rocky Point ,NY
Rome ,NY
Ronkonkoma,NY
Roosevelt ,NY
Rosendale ,NY
Roslyn Heights,NY
Rotterdam,NY
Royalton ,NY
Rye Brook,NY
Rye ,NY
Salina ,NY
Salisbury ,NY
Sand Lake ,NY
Saratoga Springs ,NY
Sayville,NY
Scarsdale,NY
Schenectady,NY
Schodack,NY
Schroeppel,NY
Scotchtown,NY
Scotia ,NY
Scriba,NY
Seaford ,NY
Selden ,NY
Seneca Falls,NY
Setauket-East Setauket,NY
Shawangunk,NY
Shirley ,NY
Sleepy Hollow ,NY
Smithtown,NY
Solvay,NY
Somers ,NY
Sound Beach,NY
South Farmingdale,NY
South Hill ,NY
South Huntington,NY
South Lockport,NY
Southeast,NY
Southport ,NY
Spring Valley ,NY
Springs,NY
St. James ,NY
Staten Island ,NY
Stony Brook University,NY
Stony Brook,NY
Stony Point ,NY
Suffern,NY
Sullivan ,NY
Sweden ,NY
Syosset,NY
Syracuse ,NY
Tappan,NY
Tarrytown ,NY
Terryville ,NY
Thompson ,NY
Tonawanda,NY
Troy ,NY
Tuckahoe ,NY
Ulster,NY
Uniondale ,NY
Union ,NY
University at Buffalo,NY
Utica ,NY
Valley Cottage,NY
Valley Stream,NY
Van Buren ,NY
Verona ,NY
Vestal,NY
Viola ,NY
Wading River,NY
Walden ,NY
Walworth ,NY
Wantagh,NY
Wappinger,NY
Warwick ,NY
Watertown ,NY
Watervliet ,NY
Wawarsing,NY
Wawayanda,NY
West Babylon,NY
West Glens Falls,NY
West Haverstraw,NY
West Hempstead,NY
West Islip,NY
West Point ,NY
West Seneca,NY
Westbury,NY
Westmere,NY
Westmoreland ,NY
Wheatfield ,NY
White Plains ,NY
Whitestown ,NY
Williamson ,NY
Williston Park,NY
Wilna,NY
Wilton ,NY
Woodbury ,NY
Woodmere ,NY
Wyandanch,NY
Yonkers ,NY
Yorktown ,NY
Aberdeen ,NC
Albemarle,NC
Apex,NC
Archdale,NC
Asheboro,NC
Asheville,NC
Belmont ,NC
Black Mountain,NC
Boone ,NC
Brevard,NC
Burlington ,NC
Butner,NC
Carrboro,NC
Cary ,NC
Chapel Hill ,NC
Charlotte ,NC
Clayton ,NC
Clemmons,NC
Clinton ,NC
Concord ,NC
Conover ,NC
Cornelius ,NC
Cullowhee,NC
Davidson ,NC
Dunn ,NC
Durham ,NC
Eden ,NC
Elizabeth City,NC
Elon College,NC
Elon,NC
Etowah ,NC
Fayetteville ,NC
Fletcher ,NC
Forest City ,NC
Fort Bragg ,NC
Fuquay-Varina,NC
Garner ,NC
Gastonia,NC
Gibsonville,NC
Goldsboro ,NC
Graham ,NC
Greensboro ,NC
Greenville ,NC
Half Moon,NC
Hamlet ,NC
Harrisburg ,NC
Havelock ,NC
Hendersonville ,NC
Henderson ,NC
Hickory ,NC
High Point ,NC
Hillsborough ,NC
Holly Springs ,NC
Hope Mills,NC
Huntersville ,NC
Indian Trail,NC
Jacksonville ,NC
Kannapolis,NC
Kernersville,NC
Kill Devil Hills,NC
Kings Grant,NC
Kings Mountain,NC
King ,NC
Kinston ,NC
Knightdale,NC
Lake Norman of Catawba,NC
Laurinburg,NC
Leland ,NC
Lenoir,NC
Lewisville ,NC
Lexington ,NC
Lincolnton ,NC
Lumberton ,NC
Marion ,NC
Masonboro,NC
Matthews ,NC
Mebane,NC
Mills River,NC
Mint Hill,NC
Monroe ,NC
Mooresville ,NC
Morehead City,NC
Morganton ,NC
Morrisville ,NC
Mount Airy ,NC
Mount Holly ,NC
Murraysville,NC
Myrtle Grove ,NC
New Bern,NC
Newton ,NC
Oak Island ,NC
Oak Ridge ,NC
Ogden ,NC
Oxford ,NC
Pinehurst ,NC
Pineville ,NC
Piney Green,NC
Porters Neck,NC
Raleigh ,NC
Reidsville ,NC
Roanoke Rapids,NC
Rockingham ,NC
Rocky Mount ,NC
Roxboro,NC
Salisbury ,NC
Sanford ,NC
Selma ,NC
Shelby ,NC
Siler City,NC
Smithfield ,NC
Southern Pines,NC
Spring Lake ,NC
St. Stephens ,NC
Stallings,NC
Statesville,NC
Summerfield ,NC
Tarboro,NC
Thomasville ,NC
Trinity ,NC
Unionville ,NC
Wake Forest,NC
Washington ,NC
Waxhaw,NC
Waynesville ,NC
Weddington,NC
Wendell ,NC
Wesley Chapel ,NC
Wilmington ,NC
Wilson ,NC
Winston-Salem ,NC
Winterville ,NC
Woodfin,NC
Bismarck ,ND
Devils Lake,ND
Dickinson ,ND
Fargo ,ND
Grand Forks,ND
Jamestown ,ND
Mandan,ND
Minot ,ND
Valley City ,ND
Wahpeton ,ND
West Fargo,ND
Williston ,ND
Akron ,OH
Alliance ,OH
Amherst ,OH
Ashland ,OH
Ashtabula,OH
Athens ,OH
Aurora ,OH
Austintown,OH
Avon Lake,OH
Avon ,OH
Barberton ,OH
Bay Village,OH
Beachwood ,OH
Beavercreek ,OH
Beckett Ridge,OH
Bedford Heights,OH
Bedford ,OH
Bellbrook,OH
Bellefontaine,OH
Bellevue ,OH
Belpre ,OH
Berea ,OH
Bexley,OH
Blacklick Estates,OH
Blue Ash,OH
Boardman ,OH
Bowling Green ,OH
Brecksville,OH
Bridgetown North,OH
Bridgetown ,OH
Broadview Heights,OH
Brook Park ,OH
Brooklyn ,OH
Brunswick ,OH
Bryan ,OH
Bucyrus ,OH
Cambridge ,OH
Campbell ,OH
Canal Winchester,OH
Canfield,OH
Canton ,OH
Celina ,OH
Centerville ,OH
Champion Heights,OH
Cheviot,OH
Chillicothe ,OH
Cincinnati ,OH
Circleville ,OH
Clayton ,OH
Cleveland Heights,OH
Cleveland ,OH
Clyde ,OH
Columbiana ,OH
Columbus ,OH
Conneaut,OH
Cortland ,OH
Coshocton,OH
Covedale,OH
Cuyahoga Falls,OH
Dayton ,OH
Defiance ,OH
Delaware ,OH
Delphos ,OH
Dent ,OH
Dover ,OH
Dry Run,OH
Dublin ,OH
East Cleveland ,OH
East Liverpool,OH
Eastlake ,OH
Eaton ,OH
Elyria ,OH
Englewood ,OH
Euclid,OH
Fairborn,OH
Fairfield ,OH
Fairlawn ,OH
Fairview Park ,OH
Findlay ,OH
Finneytown,OH
Forest Park ,OH
Forestville ,OH
Fostoria ,OH
Franklin ,OH
Fremont ,OH
Gahanna,OH
Galion,OH
Garfield Heights,OH
Geneva ,OH
Girard ,OH
Grandview Heights,OH
Greenville ,OH
Green ,OH
Groesbeck ,OH
Grove City ,OH
Hamilton ,OH
Harrison ,OH
Heath ,OH
Highland Heights ,OH
Hilliard ,OH
Hillsboro ,OH
Howland Center,OH
Hubbard ,OH
Huber Heights,OH
Hudson ,OH
Huron ,OH
Independence ,OH
Ironton ,OH
Jackson ,OH
Kenton ,OH
Kent ,OH
Kenwood ,OH
Kettering ,OH
Kirtland ,OH
Lakewood ,OH
Lancaster ,OH
Landen,OH
Lebanon ,OH
Lima ,OH
Lincoln Village ,OH
Logan ,OH
London ,OH
Lorain ,OH
Louisville ,OH
Loveland ,OH
Lyndhurst ,OH
Macedonia ,OH
Mack,OH
Madeira,OH
Mansfield ,OH
Maple Heights,OH
Marietta ,OH
Marion ,OH
Martins Ferry,OH
Marysville ,OH
Mason ,OH
Massillon,OH
Maumee,OH
Mayfield Heights,OH
Medina ,OH
Mentor-on-the-Lake,OH
Mentor ,OH
Miamisburg,OH
Middleburg Heights,OH
Middletown ,OH
Milford ,OH
Monfort Heights,OH
Monroe ,OH
Montgomery ,OH
Moraine,OH
Mount Healthy,OH
Mount Vernon ,OH
Napoleon ,OH
New Albany ,OH
New Franklin ,OH
New Philadelphia ,OH
Newark ,OH
Niles ,OH
North Canton,OH
North College Hill,OH
North Madison,OH
North Olmsted,OH
North Ridgeville,OH
North Royalton,OH
Northbrook ,OH
Northgate,OH
Northridge ,OH
Norton ,OH
Norwalk ,OH
Norwood ,OH
Oakwood ,OH
Oberlin ,OH
Olmsted Falls,OH
Ontario ,OH
Oregon ,OH
Orrville ,OH
Oxford ,OH
Painesville,OH
Parma Heights,OH
Parma ,OH
Pataskala,OH
Pepper Pike,OH
Perry Heights,OH
Perrysburg ,OH
Pickerington,OH
Piqua ,OH
Port Clinton ,OH
Portage Lakes,OH
Portsmouth ,OH
Powell ,OH
Ravenna ,OH
Reading ,OH
Reynoldsburg,OH
Richmond Heights ,OH
Rittman,OH
Riverside ,OH
Rocky River,OH
Rossford,OH
Salem ,OH
Sandusky South,OH
Sandusky ,OH
Seven Hills ,OH
Shaker Heights,OH
Sharonville,OH
Sheffield Lake,OH
Shelby ,OH
Shiloh ,OH
Sidney ,OH
Solon ,OH
South Euclid,OH
Springboro ,OH
Springdale ,OH
Springfield ,OH
St. Marys ,OH
Steubenville,OH
Stow ,OH
Streetsboro,OH
Strongsville,OH
Struthers,OH
Sylvania ,OH
Tallmadge,OH
Tiffin ,OH
Tipp City,OH
Toledo ,OH
Trenton ,OH
Trotwood,OH
Troy ,OH
Twinsburg,OH
Union ,OH
University Heights ,OH
Upper Arlington,OH
Upper Sandusky,OH
Urbana ,OH
Van Wert ,OH
Vandalia ,OH
Vermilion ,OH
Wadsworth ,OH
Wapakoneta,OH
Warrensville Heights,OH
Warren ,OH
Washington Court House,OH
Washington ,OH
Wauseon,OH
West Carrollton City,OH
West Carrollton,OH
Westerville ,OH
Westlake ,OH
Wheelersburg,OH
White Oak ,OH
Whitehall ,OH
Wickliffe ,OH
Willard ,OH
Willoughby Hills,OH
Willoughby,OH
Willowick,OH
Wilmington ,OH
Withamsville,OH
Woodbourne-Hyde Park,OH
Wooster ,OH
Worthington ,OH
Wyoming ,OH
Xenia ,OH
Youngstown ,OH
Zanesville ,OH
Ada ,OK
Altus ,OK
Anadarko,OK
Ardmore ,OK
Bartlesville,OK
Bethany ,OK
Bixby ,OK
Blackwell ,OK
Blanchard ,OK
Broken Arrow ,OK
Catoosa,OK
Central Atoka,OK
Chickasha,OK
Choctaw ,OK
Claremore,OK
Clinton ,OK
Coweta,OK
Cushing ,OK
Del City,OK
Duncan ,OK
Durant ,OK
East Canadian,OK
East Cleveland ,OK
East Love,OK
East Mayes,OK
East Murray,OK
Edmond ,OK
El Reno,OK
Elk City ,OK
Enid,OK
Glenpool,OK
Grove ,OK
Guthrie ,OK
Guymon,OK
Idabel,OK
Jenks,OK
Keystone Lake,OK
Lawton ,OK
McAlester,OK
Miami ,OK
Midwest City,OK
Moore ,OK
Muskogee,OK
Mustang ,OK
Newcastle ,OK
Noble ,OK
Norman ,OK
North Cleveland ,OK
North Marshall,OK
North Tulsa,OK
Oklahoma City ,OK
Okmulgee,OK
Oolagah-Talala,OK
Owasso,OK
Pauls Valley,OK
Piedmont ,OK
Ponca City,OK
Poteau,OK
Pryor Creek,OK
Sallisaw,OK
Sand Springs ,OK
Sapulpa,OK
Seminole ,OK
Shawnee ,OK
Sill,OK
Skiatook,OK
South Cherokee,OK
South Marshall,OK
South Tulsa,OK
Southeast Comanche,OK
Southeast Osage,OK
Southwest Comanche,OK
Stillwater ,OK
Tahlequah,OK
Tecumseh ,OK
The Village,OK
Tulsa ,OK
Tuttle ,OK
Wagoner,OK
Warr Acres,OK
Weatherford ,OK
Woodward ,OK
Yukon ,OK
Agate Beach,OR
Albany ,OR
Aloha,OR
Altamont ,OR
Ashland ,OR
Astoria ,OR
Badger Mountain,OR
Baker City,OR
Beaver Creek ,OR
Beaverton ,OR
Bend ,OR
Bethany ,OR
Brookings ,OR
Bull Mountain,OR
Calapooia,OR
Canby ,OR
Cedar Hills ,OR
Cedar Mill,OR
Central Point,OR
Chehalem Mountain,OR
City of The Dalles,OR
Coast Range,OR
Coos Bay,OR
Cornelius ,OR
Corvallis ,OR
Cottage Grove ,OR
Dallas ,OR
Damascus ,OR
De Lake,OR
Eagle Point ,OR
Eugene ,OR
Fairview ,OR
Florence ,OR
Forest Grove,OR
Four Corners ,OR
Garden Home-Whitford,OR
Gladstone ,OR
Grants Pass,OR
Green ,OR
Gresham ,OR
Happy Valley ,OR
Hayesville ,OR
Hermiston,OR
Hillsboro ,OR
Hood River,OR
Independence ,OR
Jennings Lodge,OR
Keizer,OR
Klamath Falls,OR
La Grande ,OR
Lake Oswego,OR
Lebanon ,OR
Lincoln City,OR
Madras,OR
McMinnville ,OR
Medford ,OR
Milton-Freewater,OR
Milwaukie,OR
Molalla,OR
Monmouth ,OR
Mount Hood,OR
Newberg,OR
Newport ,OR
North Albany,OR
North Bend ,OR
North Siuslaw,OR
Northeast Umatilla,OR
Northwest Clackamas ,OR
Northwest Jackson,OR
Northwest Josephine,OR
Northwest Umatilla,OR
Oak Grove ,OR
Oak Hills ,OR
Oatfield,OR
Ochoco,OR
Ontario ,OR
Oregon City,OR
Pendleton ,OR
Portland ,OR
Prineville,OR
Redland ,OR
Redmond ,OR
Rockcreek,OR
Roseburg,OR
Salem ,OR
Sandy ,OR
Scappoose,OR
Scio-Lacomb,OR
Seaside ,OR
Sheridan ,OR
Sherwood ,OR
Silverton ,OR
Sisters-Millican,OR
Somerset West-Rock Creek,OR
Southwest Jackson,OR
Springfield ,OR
St. Helens ,OR
Stayton,OR
Sunnyside ,OR
Sutherlin,OR
Sweet Home ,OR
Talent,OR
Tenmile,OR
The Dalles,OR
Tigard,OR
Troutdale ,OR
Tualatin,OR
Tumalo,OR
Umatilla ,OR
West Haven-Sylvan,OR
West Linn,OR
West Slope,OR
White City ,OR
Wilsonville ,OR
Woodburn ,OR
Yoder ,OR
Aliquippa,PA
Allentown ,PA
Allison Park,PA
Altoona ,PA
Ambler ,PA
Ambridge,PA
Ancient Oaks,PA
Archbald,PA
Ardmore ,PA
Arlington Heights ,PA
Audubon ,PA
Back Mountain,PA
Baldwin ,PA
Beaver Falls,PA
Bellefonte ,PA
Bellevue ,PA
Berwick ,PA
Bethel Park,PA
Bethlehem ,PA
Blakely ,PA
Blandon,PA
Bloomsburg,PA
Blue Bell,PA
Bradford ,PA
Brentwood ,PA
Bristol ,PA
Brookhaven ,PA
Broomall,PA
Butler ,PA
California ,PA
Camp Hill ,PA
Canonsburg,PA
Carbondale ,PA
Carlisle ,PA
Carnegie ,PA
Carnot-Moon,PA
Castle Shannon,PA
Catasauqua,PA
Chambersburg,PA
Chester ,PA
Clairton,PA
Clearfield ,PA
Clifton Heights,PA
Coatesville ,PA
Collingdale,PA
Colonial Park,PA
Columbia ,PA
Connellsville,PA
Conshohocken,PA
Corry,PA
Croydon ,PA
Darby Township,PA
Darby ,PA
Dickson City,PA
Dormont,PA
Downingtown,PA
Doylestown ,PA
Drexel Hill,PA
DuBois,PA
Dunmore,PA
East Norriton,PA
East Stroudsburg,PA
East York,PA
Easton ,PA
Economy ,PA
Edinboro,PA
Elizabethtown ,PA
Ellwood City,PA
Emmaus,PA
Enola ,PA
Ephrata ,PA
Erie ,PA
Fairless Hills,PA
Feasterville-Trevose,PA
Fernway,PA
Folcroft,PA
Folsom ,PA
Forest Hills ,PA
Franklin Park ,PA
Franklin ,PA
Fullerton ,PA
Gettysburg ,PA
Glenolden,PA
Glenshaw,PA
Glenside,PA
Greensburg ,PA
Grove City ,PA
Hampton Township,PA
Hanover ,PA
Harleysville,PA
Harrisburg ,PA
Harrison Township,PA
Hatboro,PA
Hazleton ,PA
Hermitage ,PA
Hershey ,PA
Homeacre-Lyndora,PA
Horsham,PA
Huntingdon ,PA
Indiana,PA
Jeannette,PA
Jefferson Hills,PA
Johnstown ,PA
Kennedy Township,PA
Kennett Square,PA
King of Prussia,PA
Kingston ,PA
Kulpsville,PA
Lancaster ,PA
Lansdale,PA
Lansdowne ,PA
Latrobe,PA
Leacock-Leola-Bareville,PA
Lebanon ,PA
Levittown ,PA
Lewistown ,PA
Linglestown,PA
Lionville-Marchwood,PA
Lititz,PA
Lock Haven,PA
Lower Allen,PA
Lower Burrell,PA
Maple Glen,PA
McCandless Township,PA
McKees Rocks,PA
McKeesport,PA
Meadville ,PA
Mechanicsburg ,PA
Middletown ,PA
Millersville ,PA
Milton ,PA
Monessen,PA
Monroeville ,PA
Montgomeryville,PA
Morrisville ,PA
Mount Joy,PA
Mount Lebanon ,PA
Mountain Top,PA
Munhall,PA
Municipality of Monroeville,PA
Municipality of Murrysville,PA
Murrysville,PA
Nanticoke ,PA
Nether Providence Township,PA
New Castle ,PA
New Cumberland ,PA
New Kensington,PA
Norristown ,PA
North Versailles,PA
Northampton ,PA
Northwest Harborcreek,PA
O'Hara Township,PA
Oakmont,PA
Oil City ,PA
Old Forge ,PA
Palmyra ,PA
Park Forest Village,PA
Parkville ,PA
Penn Hills,PA
Perkasie,PA
Philadelphia ,PA
Phoenixville,PA
Pittsburgh ,PA
Pittston ,PA
Pleasant Hills ,PA
Plum,PA
Plymouth Meeting,PA
Pottstown,PA
Pottsville ,PA
Progress,PA
Prospect Park ,PA
Quakertown,PA
Radnor Township,PA
Reading ,PA
Red Lion ,PA
Richboro,PA
Ridley Park,PA
Robinson Township,PA
Ross Township,PA
Sanatoga,PA
Scott Township,PA
Scranton ,PA
Shaler Township,PA
Shamokin,PA
Sharon ,PA
Shiloh ,PA
Somerset ,PA
Souderton,PA
South Park Township,PA
South Williamsport,PA
Springfield ,PA
St. Marys ,PA
State College,PA
Stowe Township,PA
Sunbury ,PA
Swarthmore,PA
Swissvale,PA
Tamaqua,PA
Taylor ,PA
Uniontown ,PA
Upper Providence Township,PA
Upper St. Clair,PA
Village Green-Green Ridge,PA
Warren ,PA
Washington ,PA
Waynesboro ,PA
Weigelstown,PA
West Chester ,PA
West Goshen ,PA
West Mifflin,PA
West Norriton,PA
West View,PA
White Oak ,PA
Whitehall ,PA
Wilkes-Barre,PA
Wilkins Township,PA
Wilkinsburg,PA
Williamsport ,PA
Willow Grove,PA
Willow Street,PA
Wilson ,PA
Woodlyn,PA
Wyomissing,PA
Yeadon,PA
York ,PA
Barrington ,RI
Bristol ,RI
Burrillville,RI
Central Falls,RI
Charlestown ,RI
Coventry ,RI
Cranston,RI
Cumberland Hill,RI
Cumberland ,RI
East Greenwich,RI
East Providence,RI
Exeter ,RI
Glocester,RI
Greenville ,RI
Hopkinton ,RI
Johnston ,RI
Kingston ,RI
Lincoln ,RI
Middletown ,RI
Narragansett,RI
Newport East,RI
Newport ,RI
North Kingstown,RI
North Providence,RI
North Smithfield,RI
Pawtucket,RI
Portsmouth ,RI
Providence ,RI
Richmond ,RI
Scituate ,RI
Smithfield ,RI
South Kingstown,RI
Tiverton,RI
Valley Falls ,RI
Wakefield-Peacedale,RI
Warren ,RI
Warwick ,RI
West Greenwich,RI
West Warwick,RI
Westerly,RI
Woonsocket ,RI
Aiken,SC
Anderson ,SC
Bear Swamp,SC
Beaufort ,SC
Beech Island,SC
Bennettsville,SC
Berea ,SC
Bluffton ,SC
Boiling Springs ,SC
Brushy Creek ,SC
Burton ,SC
Camden ,SC
Cayce ,SC
Centerville ,SC
Charleston ,SC
Clemson,SC
Clinton ,SC
Columbia ,SC
Conway ,SC
Cross ,SC
Danwood,SC
Darlington ,SC
Dentsville,SC
Dillon ,SC
Dutch Fork,SC
Easley,SC
Fairmont Mills,SC
Five Forks,SC
Florence ,SC
Forest Acres,SC
Fort Mill,SC
Fountain Inn,SC
Gaffney,SC
Gantt ,SC
Garden City ,SC
Georgetown ,SC
Goose Creek ,SC
Gramling,SC
Greenville ,SC
Greenwood ,SC
Greer ,SC
Hanahan,SC
Hartsville ,SC
Hendersonville ,SC
Highland ,SC
Hilton Head Island,SC
Homeland Park,SC
Hopkins ,SC
Horrell Hill,SC
Irmo,SC
James Island,SC
Johns Island,SC
Ladson,SC
Lake City ,SC
Lake Wylie,SC
Lancaster ,SC
Laurens ,SC
Lexington ,SC
Little River ,SC
Longs,SC
Lugoff,SC
Macedonia ,SC
Marion ,SC
Mauldin,SC
Moncks Corner,SC
Mount Pleasant ,SC
Murrells Inlet,SC
Myrtle Beach,SC
Newberry ,SC
North Augusta,SC
North Charleston ,SC
North Myrtle Beach,SC
Oak Grove ,SC
Oakway,SC
Orangeburg ,SC
Parker ,SC
Pauline,SC
Pontiac ,SC
Port Royal ,SC
Powderville,SC
Red Bank ,SC
Red Hill ,SC
Rock Hill ,SC
Sangaree,SC
Sans Souci,SC
Seneca ,SC
Seven Oaks ,SC
Shaw-Horatio,SC
Simpsonville ,SC
Socastee,SC
Spartanburg,SC
St. Andrews,SC
St. Helena ,SC
Stevens Creek,SC
Summerville ,SC
Sumter,SC
Taylors,SC
Tega Cay,SC
Tigerville,SC
Union ,SC
Valley Falls ,SC
Van Wyck,SC
Waccamaw,SC
Wade Hampton,SC
Welcome ,SC
West Columbia ,SC
Woodfield,SC
Woodville ,SC
York ,SC
Aberdeen ,SD
Box Elder ,SD
Brandon ,SD
Brookings ,SD
Huron ,SD
Madison ,SD
Mitchell ,SD
Pierre,SD
Rapid City ,SD
Rapid Valley,SD
Sioux Falls ,SD
Spearfish,SD
Sturgis ,SD
Vermillion ,SD
Watertown ,SD
Yankton,SD
Alcoa,TN
Almaville,TN
Alpha ,TN
Arlington ,TN
Athens ,TN
Atoka ,TN
Barnard ,TN
Bartlett ,TN
Bean Station,TN
Beech Springs,TN
Belleview ,TN
Bethesda ,TN
Binfield,TN
Bloomingdale ,TN
Bluff City-Piney Flats,TN
Boston ,TN
Brentwood ,TN
Bristol ,TN
Brownsville ,TN
Calhoun-Riceville,TN
Cedars,TN
Chattanooga ,TN
Chilhowee ,TN
Christiana ,TN
Church Hill ,TN
Clarksville ,TN
Cleveland ,TN
Clinton ,TN
Collegedale,TN
Collierville ,TN
Colonial Heights ,TN
Columbia ,TN
Concord ,TN
Cookeville,TN
Covington ,TN
Crossville ,TN
Dayton ,TN
Dibrell,TN
Dickson ,TN
Dunn Creek,TN
Dyersburg,TN
East Brainerd,TN
East Ridge,TN
Elizabethton,TN
Erwin ,TN
Fairfield Glade,TN
Fairview ,TN
Farragut ,TN
Fayetteville ,TN
Fisherville,TN
Fort Campbell ,TN
Franklin ,TN
Gallatin ,TN
Germantown ,TN
Gibbs ,TN
Goodlettsville,TN
Green Hill,TN
Greenbrier ,TN
Greeneville,TN
Hardin Valley,TN
Harriman ,TN
Harrison ,TN
Hartsville/Trousdale County,TN
Hendersonville ,TN
Henderson ,TN
Humboldt ,TN
Indian Mound-Bumpus Mills,TN
Jackson ,TN
Jefferson City ,TN
Johnson City ,TN
Karns,TN
Kingsport,TN
Knob Creek,TN
Knoxville ,TN
La Follette ,TN
La Vergne,TN
Lakeland ,TN
Lanier,TN
Lantana ,TN
Lascassas,TN
Lawrenceburg ,TN
Lebanon ,TN
Lenoir City,TN
Lewisburg ,TN
Lexington ,TN
Lower Rutherford Creek,TN
Lyles-Wrigley,TN
Lynchburg ,TN
Manchester ,TN
Martha-Laguardo,TN
Martin ,TN
Maryville ,TN
Mayland-Pleasant Hill,TN
McMinnville ,TN
Memphis ,TN
Metropolitan Government ,TN
Middle Valley,TN
Milan ,TN
Millersville ,TN
Millington ,TN
Morristown ,TN
Mount Juliet,TN
Munford ,TN
Murfreesboro ,TN
Nashville-Davidson ,TN
Newport ,TN
Nolensville,TN
Northeast Wilson,TN
Oak Ridge ,TN
Oakland ,TN
Paris ,TN
Pope ,TN
Portland ,TN
Powell Valley,TN
Powell ,TN
Pulaski ,TN
Red Bank ,TN
Ripley ,TN
Sale Creek,TN
Savannah ,TN
Sevierville,TN
Seymour ,TN
Shelby Forest,TN
Shelbyville ,TN
Signal Mountain,TN
Smyrna ,TN
Snow Hill ,TN
Soddy-Daisy,TN
South Bradley,TN
South Cannon,TN
South Cleveland,TN
Southeast Bradley,TN
Southeast Nolichucky,TN
Spring Creek-Beech Bluff,TN
Spring Hill ,TN
Springfield ,TN
St. Bethlehem,TN
Stony Creek ,TN
Sulphur Springs ,TN
Telford ,TN
Tiger Valley,TN
Tullahoma,TN
Union City ,TN
Unionville ,TN
Upper Big Bigby,TN
Walden Ridge,TN
Wear Valley,TN
West Bradley,TN
West Chester ,TN
White House,TN
Wildwood ,TN
Winchester ,TN
Woodlawn-Dotsonville,TN
Abilene ,TX
Abram-Perezville,TX
Addison ,TX
Alamo Heights,TX
Alamo ,TX
Aldine,TX
Alice ,TX
Allen ,TX
Alton North,TX
Alton ,TX
Alvin ,TX
Amarillo ,TX
Anderson Mill,TX
Anderson-Bedias,TX
Andrews ,TX
Angleton-Rosharon,TX
Angleton,TX
Anna ,TX
Aransas Pass,TX
Arlington ,TX
Atascocita,TX
Athens ,TX
Austin ,TX
Azle,TX
Bacliff,TX
Balch Springs,TX
Bastrop ,TX
Bay City ,TX
Baytown,TX
Beaumont ,TX
Bedford ,TX
Beeville,TX
Bellaire ,TX
Bellmead,TX
Belton ,TX
Ben Wheeler-Edom,TX
Benbrook,TX
Big Spring ,TX
Boerne,TX
Bonham,TX
Borger,TX
Brazosport,TX
Brenham,TX
Bridge City-Orangefield,TX
Bridge City ,TX
Bridgeport ,TX
Brownfield ,TX
Brownsville ,TX
Brownwood,TX
Bruni-Mirando,TX
Brushy Creek ,TX
Bryan ,TX
Buda ,TX
Burkburnett,TX
Burleson,TX
Burnet,TX
Cameron Park ,TX
Camp Swift,TX
Canutillo,TX
Canyon Lake ,TX
Canyon,TX
Carrollton ,TX
Carthage ,TX
Cedar Creek Lake,TX
Cedar Creek-Red Rock,TX
Cedar Hill ,TX
Cedar Park,TX
Celina ,TX
Chance-Loeb,TX
Channelview,TX
Childress,TX
Cibolo,TX
Cinco Ranch,TX
Cleburne,TX
Cleveland ,TX
Cloverleaf,TX
Clute,TX
College Station ,TX
Colleyville,TX
Colony ,TX
Commerce ,TX
Conroe,TX
Converse ,TX
Coppell,TX
Copperas Cove,TX
Corinth ,TX
Corpus Christi ,TX
Corsicana,TX
Crockett ,TX
Crowley ,TX
Crystal City ,TX
Cuero,TX
Dalhart,TX
Dallas ,TX
Dayton ,TX
DeSoto,TX
Decatur ,TX
Deer Park ,TX
Del Rio ,TX
Denison ,TX
Denton ,TX
Dickinson ,TX
Donna,TX
Dumas ,TX
Duncanville ,TX
Eagle Mountain ,TX
Eagle Pass,TX
East Cameron,TX
East Grayson,TX
East Jefferson ,TX
Edinburg ,TX
Edna-Cordele,TX
Eidson Road,TX
El Campo,TX
El Paso ,TX
Elgin ,TX
Elm Mott,TX
Elsa,TX
Ennis ,TX
Euless,TX
Everman,TX
Fabens,TX
Fair Oaks Ranch,TX
Fairview ,TX
Farmers Branch,TX
Fate,TX
Floresville,TX
Flower Mound,TX
Forest Hill ,TX
Forney ,TX
Fort Bliss,TX
Fort Hood,TX
Fort Stockton,TX
Fort Worth ,TX
Four Corners ,TX
Fredericksburg ,TX
Freeport ,TX
Fresno ,TX
Friendswood,TX
Frisco ,TX
Gainesville ,TX
Galena Park,TX
Galveston ,TX
Garland ,TX
Gatesville ,TX
Georgetown ,TX
Gladewater,TX
Glenn Heights,TX
Goldsmith-Penwell,TX
Gonzales ,TX
Graham ,TX
Granbury,TX
Grand Prairie ,TX
Grapevine,TX
Greatwood,TX
Greenville ,TX
Groves,TX
Haltom City,TX
Harker Heights,TX
Harleton,TX
Harlingen ,TX
Hawley-Noodle,TX
Heath ,TX
Helotes,TX
Hempstead ,TX
Henderson ,TX
Hereford ,TX
Hewitt ,TX
Hidalgo ,TX
Highland Park ,TX
Highland Village,TX
Highlands ,TX
Hillsboro ,TX
Hitchcock ,TX
Homestead Meadows South,TX
Hondo ,TX
Horizon City,TX
Hornsby Bend,TX
Houston ,TX
Humble,TX
Huntsville ,TX
Hurst ,TX
Hutto,TX
Ingleside,TX
Iowa Park,TX
Irving ,TX
Jacinto City,TX
Jacksonville ,TX
Jarrell,TX
Jasper ,TX
Jersey Village,TX
Jollyville,TX
Katy,TX
Kaufman,TX
Keene ,TX
Keller ,TX
Kennedale,TX
Kerrville,TX
Kilgore ,TX
Killeen ,TX
Kingsland ,TX
Kingsville ,TX
Kirby ,TX
Kyle ,TX
La Feria,TX
La Homa,TX
La Marque,TX
La Porte ,TX
La Rue-Poynor,TX
La Sara,TX
Labelle ,TX
Lackland AFB,TX
Lacy-Lakeview,TX
Lago Vista,TX
Lake Dallas,TX
Lake Jackson,TX
Lakeway,TX
Lamesa,TX
Lampasas,TX
Lancaster ,TX
Lantana ,TX
Laredo ,TX
League City,TX
Leander,TX
Leon Valley,TX
Levelland,TX
Lewisville ,TX
Liberty ,TX
Little Elm,TX
Littlefield ,TX
Live Oak ,TX
Livingston-New Willard,TX
Lockhart ,TX
Longview ,TX
Lubbock ,TX
Lufkin,TX
Lumberton ,TX
Mansfield ,TX
Manvel ,TX
Marble Falls,TX
Marshall ,TX
Maud-Elliot Creek,TX
McAllen ,TX
McKinney ,TX
Meadows Place,TX
Mercedes,TX
Mesquite ,TX
Mexia,TX
Midland Rural,TX
Midland ,TX
Midlothian ,TX
Mila Doce,TX
Mineral Wells,TX
Mission Bend,TX
Mission ,TX
Missouri City ,TX
Monahans,TX
Montalba-Tennessee Colony,TX
Mount Pleasant ,TX
Murillo,TX
Murphy ,TX
Nacogdoches,TX
Navasota,TX
Nederland ,TX
New Braunfels,TX
New Territory,TX
North Randall ,TX
North Richland Hills,TX
Northeast Brazos,TX
Northeast Harris,TX
Northeast Rockwall,TX
Northeast Tarrant ,TX
Northeast Wharton,TX
Northwest Bell,TX
Northwest Grayson,TX
Northwest Harris ,TX
Northwest Rockwall,TX
Nurillo,TX
Odessa ,TX
Orange ,TX
Palestine ,TX
Pampa,TX
Paris ,TX
Pasadena ,TX
Pearland,TX
Pearsall,TX
Pecan Grove,TX
Pecos ,TX
Perryton,TX
Pflugerville,TX
Pharr,TX
Plainview ,TX
Plano ,TX
Pleasanton ,TX
Pollok,TX
Port Arthur,TX
Port Lavaca,TX
Port Neches,TX
Portland ,TX
Princeton ,TX
Prosper,TX
Raymondville ,TX
Red Oak ,TX
Rendon,TX
Richardson ,TX
Richland Hills,TX
Richmond ,TX
Rio Grande City,TX
River Oaks,TX
Roanoke ,TX
Robinson ,TX
Robstown,TX
Rockport ,TX
Rockwall,TX
Roma-Los Saenz,TX
Roma,TX
Rosenberg,TX
Round Rock ,TX
Rowlett,TX
Royse City,TX
Sabine,TX
Sachse,TX
Saginaw ,TX
San Angelo,TX
San Antonio ,TX
San Benito,TX
San Elizario,TX
San Juan ,TX
San Marcos ,TX
Sanger ,TX
Santa Fe ,TX
Schertz,TX
Seabrook ,TX
Seagoville,TX
Sealy,TX
Seguin,TX
Selma ,TX
Seminole ,TX
Shepherd-Evergreen,TX
Sherman ,TX
Sienna Plantation,TX
Silsbee,TX
Slaton,TX
Snyder ,TX
Socorro ,TX
South Bell,TX
South Brazos,TX
South Houston,TX
South Rockwall,TX
Southeast Bexar,TX
Southeast Harris,TX
Southeast Hidalgo ,TX
Southeast Montgomery ,TX
Southlake,TX
Southwest Bell,TX
Southwest Grayson,TX
Spring,TX
Stafford ,TX
Stephenville,TX
Sugar Land,TX
Sulphur Springs ,TX
Sweetwater ,TX
Taylor ,TX
Temple ,TX
Terrell,TX
Texarkana ,TX
Texas City,TX
The Colony,TX
The Woodlands,TX
Timberwood Park,TX
Tomball,TX
Trophy Club,TX
Tyler ,TX
Universal City,TX
University Park ,TX
Uvalde,TX
Vernon ,TX
Victoria ,TX
Vidor,TX
Waco ,TX
Watauga ,TX
Waxahachie,TX
Weatherford ,TX
Webb ,TX
Webster ,TX
Wells Branch,TX
Weslaco,TX
West Bexar,TX
West Brazos,TX
West Livingston,TX
West Odessa,TX
West Tom Green,TX
West University Place,TX
Wharton ,TX
White Oak ,TX
White Settlement,TX
Whitehouse ,TX
Wichita Falls ,TX
Woodway ,TX
Wylie,TX
Alpine ,UT
American Fork,UT
Bingham ,UT
Bluffdale,UT
Bountiful,UT
Brigham City,UT
Canyon Rim,UT
Cedar City,UT
Cedar Hills ,UT
Centerville ,UT
Clearfield ,UT
Clinton ,UT
Cottonwood Heights,UT
Cottonwood West,UT
Draper ,UT
Eagle Mountain ,UT
East Millcreek,UT
Emigration,UT
Ephraim ,UT
Farmington ,UT
Farr West,UT
Grantsville ,UT
Heber ,UT
Herriman,UT
Highland ,UT
Holladay ,UT
Hooper ,UT
Hurricane ,UT
Hyrum,UT
Ivins,UT
Kaysville,UT
Kearns,UT
Layton ,UT
Lehi,UT
Lindon,UT
Little Cottonwood Creek Valley,UT
Logan ,UT
Magna,UT
Mapleton ,UT
Midvale ,UT
Millcreek,UT
Mount Olympus,UT
Murray ,UT
North Davis ,UT
North Logan ,UT
North Ogden,UT
North Salt Lake,UT
Ogden Valley,UT
Ogden ,UT
Oquirrh,UT
Orem,UT
Park City ,UT
Payson ,UT
Pleasant Grove ,UT
Pleasant View ,UT
Price ,UT
Providence ,UT
Provo ,UT
Richfield ,UT
Riverdale ,UT
Riverton ,UT
Roosevelt ,UT
Roy ,UT
Salem ,UT
Salt Lake City ,UT
Sandy ,UT
Santa Clara ,UT
Santaquin,UT
Saratoga Springs ,UT
Smithfield ,UT
South Davis ,UT
South Jordan,UT
South Ogden,UT
South Salt Lake,UT
South Weber,UT
Spanish Fork,UT
Springville ,UT
St. George ,UT
Summit Park,UT
Syracuse ,UT
Taylorsville ,UT
Tooele,UT
Tremonton,UT
Vernal,UT
Washington Terrace,UT
Washington ,UT
West Haven ,UT
West Jordan ,UT
West Point ,UT
West Valley City ,UT
Woods Cross,UT
Barre ,VT
Bennington ,VT
Brattleboro,VT
Burlington ,VT
Colchester ,VT
Essex Junction,VT
Essex ,VT
Hartford ,VT
Middlebury ,VT
Montpelier ,VT
Rutland ,VT
Shelburne ,VT
South Burlington,VT
St. Albans ,VT
St. Johnsbury,VT
Williston ,VT
Winooski,VT
Abingdon ,VA
Alexandria ,VA
Annandale ,VA
Aquia Harbour,VA
Arlington ,VA
Ashburn ,VA
Ashland ,VA
Bailey's Crossroads,VA
Bellwood ,VA
Blacksburg ,VA
Bon Air ,VA
Brambleton,VA
Brandermill,VA
Bristol ,VA
Broadlands ,VA
Buckhall,VA
Buena Vista ,VA
Bull Run,VA
Burke Centre,VA
Burke ,VA
Cascades,VA
Cave Spring ,VA
Centreville ,VA
Chantilly,VA
Charlottesville,VA
Cherry Hill,VA
Chesapeake ,VA
Chester ,VA
Christiansburg ,VA
Collinsville ,VA
Colonial Heights ,VA
Countryside ,VA
Culpeper,VA
Dale City,VA
Danville ,VA
Dranesville,VA
Dumbarton,VA
Dunn Loring,VA
East Highland Park,VA
Ettrick ,VA
Fair Lakes,VA
Fair Oaks ,VA
Fairfax Station,VA
Fairfax ,VA
Falls Church,VA
Farmville ,VA
Fishersville,VA
Floris ,VA
Forest ,VA
Fort Belvoir,VA
Fort Hunt,VA
Franconia ,VA
Franklin Farm,VA
Franklin ,VA
Fredericksburg ,VA
Front Royal,VA
Gainesville ,VA
Galax,VA
George Mason,VA
Glen Allen ,VA
Gloucester Point,VA
Great Falls ,VA
Greenbriar ,VA
Groveton ,VA
Hampton ,VA
Harrisonburg ,VA
Herndon ,VA
Highland Springs,VA
Hollins ,VA
Hollymead,VA
Hopewell ,VA
Huntington ,VA
Hybla Valley,VA
Idylwood,VA
Independent Hill,VA
Innsbrook ,VA
Jamestown district,VA
Jefferson ,VA
Kings Park West,VA
Kingstowne,VA
Lake Barcroft,VA
Lake Monticello,VA
Lake Ridge,VA
Lake of the Woods ,VA
Lakeside ,VA
Lansdowne ,VA
Laurel Hill ,VA
Laurel ,VA
Leesburg ,VA
Lexington ,VA
Lincolnia,VA
Linton Hall,VA
Long Branch ,VA
Lorton ,VA
Lowes Island,VA
Lynchburg ,VA
Madison Heights ,VA
Manassas Park,VA
Manassas ,VA
Manchester ,VA
Mantua ,VA
Martinsville ,VA
Marumsco,VA
McLean ,VA
McNair,VA
Meadowbrook ,VA
Mechanicsville ,VA
Merrifield ,VA
Montclair ,VA
Montrose ,VA
Mount Vernon ,VA
Neabsco,VA
New Baltimore ,VA
Newington Forest,VA
Newington ,VA
Newport News ,VA
Norfolk ,VA
North Springfield ,VA
Oakton,VA
Petersburg ,VA
Pimmit Hills,VA
Poquoson,VA
Portsmouth ,VA
Pulaski ,VA
Purcellville,VA
Quantico Station,VA
Radford,VA
Reston,VA
Richmond ,VA
Roanoke ,VA
Rockwood ,VA
Rose Hill ,VA
Salem ,VA
Sandston,VA
Seven Corners,VA
Short Pump,VA
Smithfield ,VA
South Boston,VA
South Riding,VA
South Run,VA
Springfield ,VA
Staunton ,VA
Sterling ,VA
Stone Ridge ,VA
Strasburg ,VA
Stuarts Draft,VA
Sudley,VA
Suffolk,VA
Sugarland Run,VA
Timberlake ,VA
Triangle ,VA
Tuckahoe ,VA
Tysons Corner,VA
University of Virginia,VA
Vienna ,VA
Vinton ,VA
Virginia Beach ,VA
Warrenton ,VA
Waynesboro ,VA
West Falls Church,VA
West Gate,VA
West Springfield ,VA
Williamsburg ,VA
Winchester ,VA
Wolf Trap,VA
Woodburn ,VA
Woodlake ,VA
Wyndham,VA
Wytheville,VA
Yorkshire ,VA
Aberdeen ,WA
Agnew-Carlsborg,WA
Airway Heights,WA
Alderwood Manor,WA
Anacortes,WA
Arlington ,WA
Artondale,WA
Auburn ,WA
Bainbridge Island,WA
Bangor Base,WA
Bangor Trident Base,WA
Battle Ground ,WA
Belfair,WA
Bellevue ,WA
Bellingham ,WA
Birch Bay,WA
Boistfort,WA
Bonney Lake,WA
Bothell East,WA
Bothell West,WA
Bothell,WA
Bow ,WA
Bremerton,WA
Brier,WA
Bryn Mawr-Skyway,WA
Burien,WA
Burlington ,WA
Camano,WA
Camas ,WA
Cascade-Fairwood,WA
Central Whidbey,WA
Centralia ,WA
Chehalis,WA
Cheney ,WA
Clarkston Heights-Vineland,WA
Clarkston ,WA
Clover Creek,WA
Colbert ,WA
College Place,WA
Cottage Lake,WA
Covington ,WA
Des Moines ,WA
Discovery Bay ,WA
Dishman,WA
DuPont,WA
Duvall,WA
East Hill-Meridian,WA
East Renton Highlands,WA
East Seattle ,WA
East Wenatchee Bench,WA
East Wenatchee,WA
East Whatcom,WA
Eastmont,WA
Edgewood ,WA
Edmonds,WA
Elk Plain,WA
Ellensburg,WA
Enumclaw Plateau,WA
Enumclaw,WA
Ephrata ,WA
Everett ,WA
Fairwood ,WA
Federal Way,WA
Felida,WA
Ferndale ,WA
Fife,WA
Finley ,WA
Fircrest,WA
Five Corners,WA
Fort Lewis,WA
Frederickson,WA
Gig Harbor Peninsula,WA
Gig Harbor,WA
Graham-Thrift,WA
Graham ,WA
Grandview ,WA
Hazel Dell North,WA
Hazel Dell South,WA
Hazel Dell,WA
Hobart ,WA
Hoquiam,WA
Inglewood-Finn Hill,WA
Issaquah Plateau,WA
Issaquah,WA
Kelso ,WA
Kenmore ,WA
Kennewick,WA
Kent ,WA
Kingsgate,WA
Kirkland ,WA
Klahanie,WA
Lacey,WA
Lake Forest Park,WA
Lake Morton-Berrydale,WA
Lake Shore ,WA
Lake Stevens,WA
Lake Stickney,WA
Lake Tapps,WA
Lakeland North,WA
Lakeland South,WA
Lakewood ,WA
Lea Hill,WA
Leavenworth-Lake Wenatchee,WA
Liberty Lake,WA
Longview ,WA
Loon Lake,WA
Lower Peninsula,WA
Lynden,WA
Lynnwood,WA
Maltby,WA
Maple Valley ,WA
Martha Lake,WA
Marysville ,WA
Mead ,WA
Mercer Island,WA
Midland ,WA
Mill Creek East,WA
Mill Creek ,WA
Mill Plain,WA
Milton ,WA
Minnehaha,WA
Monroe ,WA
Moses Lake,WA
Mount Vernon ,WA
Mount Vista,WA
Mountlake Terrace,WA
Mukilteo,WA
Newcastle ,WA
Normandy Park,WA
North Beach ,WA
North Bend ,WA
North Creek ,WA
North Lynnwood,WA
North Whidbey,WA
Northeast Yakima,WA
Northwest Benton,WA
Northwest Yakima,WA
Oak Bay,WA
Oak Harbor ,WA
Olympia,WA
Olympic,WA
Opportunity,WA
Orchards,WA
Orting,WA
Othello,WA
Otis Orchards-East Farms,WA
Pacific ,WA
Paine Field-Lake Stickney,WA
Parkland ,WA
Parkwood ,WA
Pasco,WA
Peninsula ,WA
Picnic Point-North Lynnwood,WA
Picnic Point,WA
Port Angeles,WA
Port Orchard,WA
Port Townsend,WA
Poulsbo,WA
Prairie Ridge,WA
Pullman ,WA
Puyallup,WA
Quincy ,WA
Redmond ,WA
Renton,WA
Richland ,WA
Riverton-Boulevard Park,WA
Riverton ,WA
Salmon Creek ,WA
Sammamish,WA
San Juan ,WA
SeaTac,WA
Seattle Hill-Silver Firs,WA
Seattle ,WA
Sedro-Woolley,WA
Selah,WA
Sequim,WA
Shelton ,WA
Shoreline,WA
Silver Firs,WA
Silverdale ,WA
Snohomish,WA
Snoqualmie Valley,WA
Snoqualmie,WA
South Hill ,WA
South Whidbey,WA
Southern Slopes,WA
Spanaway,WA
Spokane Valley,WA
Spokane ,WA
Stanwood ,WA
Steilacoom,WA
Sudden Valley,WA
Summit View,WA
Summit ,WA
Sumner ,WA
Sunnyside ,WA
Tacoma ,WA
Tahoma-Maple Valley,WA
Tahuya,WA
Tanglewilde-Thompson Place,WA
Terrace Heights,WA
Toppenish,WA
Tukwila,WA
Tulalip,WA
Tumwater,WA
Union Gap,WA
Union Hill-Novelty Hill,WA
University Place,WA
Vancouver ,WA
Vashon Island,WA
Vashon,WA
Veradale,WA
Walla Walla,WA
Waller ,WA
Walnut Grove ,WA
Washougal,WA
Wenatchee,WA
West Lake Sammamish,WA
West Lake Stevens,WA
West Richland,WA
West Valley ,WA
White Center,WA
Wollochet,WA
Woodinville,WA
Wynoochee,WA
Yakima,WA
Yelm,WA
Beckley,WV
Bluefield ,WV
Bridgeport ,WV
Charleston ,WV
Cheat Lake,WV
Clarksburg ,WV
Cross Lanes,WV
Dunbar ,WV
Elkins ,WV
Fairmont ,WV
Huntington ,WV
Hurricane ,WV
Kabletown district,WV
Martinsburg ,WV
Middletown district,WV
Morgantown ,WV
Moundsville,WV
Nitro,WV
Oak Hill ,WV
Parkersburg ,WV
Pea Ridge ,WV
Princeton ,WV
Shepherdstown district,WV
South Charleston ,WV
St. Albans ,WV
Teays Valley,WV
Vienna ,WV
Weirton,WV
Wheeling ,WV
Allouez,WI
Altoona ,WI
Antigo,WI
Appleton ,WI
Ashland ,WI
Ashwaubenon,WI
Baraboo,WI
Beaver Dam ,WI
Bellevue Town,WI
Bellevue ,WI
Beloit ,WI
Bloomfield ,WI
Brookfield ,WI
Brown Deer,WI
Buchanan ,WI
Burlington ,WI
Caledonia ,WI
Cedarburg,WI
Chippewa Falls,WI
Cottage Grove ,WI
Cudahy ,WI
De Pere,WI
DeForest,WI
Delafield,WI
Delavan ,WI
Eau Claire ,WI
Elkhorn ,WI
Fitchburg ,WI
Fond du Lac,WI
Fort Atkinson ,WI
Fox Point,WI
Franklin ,WI
Genesee ,WI
Germantown ,WI
Glendale ,WI
Grafton ,WI
Grand Chute,WI
Grand Rapids ,WI
Green Bay ,WI
Greendale ,WI
Greenfield ,WI
Greenville ,WI
Hales Corners,WI
Harrison ,WI
Hartford ,WI
Hartland ,WI
Hobart ,WI
Holmen,WI
Howard ,WI
Hudson ,WI
Jackson ,WI
Janesville ,WI
Jefferson ,WI
Kaukauna,WI
Kenosha ,WI
Kimberly ,WI
Kronenwetter,WI
La Crosse ,WI
Lake Geneva,WI
Lake Hallie,WI
Ledgeview,WI
Lisbon ,WI
Little Chute,WI
Madison ,WI
Manitowoc,WI
Marinette,WI
Marshfield ,WI
McFarland ,WI
Menasha,WI
Menomonee Falls,WI
Menomonie,WI
Mequon,WI
Merrill ,WI
Middleton ,WI
Milwaukee ,WI
Monona ,WI
Monroe ,WI
Mount Horeb,WI
Mount Pleasant ,WI
Mukwonago,WI
Muskego,WI
Neenah,WI
New Berlin ,WI
New London ,WI
New Richmond ,WI
Norway ,WI
Oak Creek ,WI
Oconomowoc,WI
Onalaska ,WI
Oregon ,WI
Oshkosh ,WI
Pewaukee,WI
Platteville ,WI
Pleasant Prairie,WI
Plover ,WI
Plymouth ,WI
Port Washington ,WI
Portage ,WI
Racine ,WI
Reedsburg,WI
Rhinelander,WI
Rice Lake ,WI
Richfield ,WI
Ripon ,WI
River Falls ,WI
Salem ,WI
Shawano,WI
Sheboygan Falls,WI
Sheboygan,WI
Shorewood ,WI
Somers ,WI
South Milwaukee,WI
Sparta ,WI
St. Francis ,WI
Stevens Point,WI
Stoughton ,WI
Sturgeon Bay,WI
Sturtevant,WI
Suamico,WI
Sun Prairie ,WI
Superior ,WI
Sussex ,WI
Tomah,WI
Twin Lakes ,WI
Two Rivers ,WI
Vernon ,WI
Verona ,WI
Washington ,WI
Watertown ,WI
Waukesha,WI
Waunakee,WI
Waupaca,WI
Waupun,WI
Wausau ,WI
Wauwatosa,WI
West Allis,WI
West Bend ,WI
Weston ,WI
Whitefish Bay,WI
Whitewater ,WI
Wisconsin Rapids,WI
Bridger Valley,WY
Casper,WY
Cheyenne ,WY
Cody ,WY
Douglas ,WY
Evanston ,WY
Gillette,WY
Green River ,WY
Jackson Hole,WY
Jackson ,WY
Lander,WY
Laramie,WY
Powell ,WY
Rawlins,WY
Riverton ,WY
Rock Springs ,WY
Sheridan ,WY
Torrington ,WY
Wind River ,WY
